,DTF,IBR,IPC,Cuvr,Auvr,TA_Jur
DTF,1.0,0.7786313672874545,0.5015694395092908,0.11727550181502956,0.1460443423007023,0.5359217154002828
IBR,0.7786313672874545,1.0,0.46236298257103475,0.08269024368868522,0.053982183036956434,0.6120743498532084
IPC,0.5015694395092908,0.46236298257103475,1.0,-0.021125898036154084,0.11698024935055959,0.2796910554623863
Cuvr,0.11727550181502956,0.08269024368868522,-0.021125898036154084,1.0,-0.032266048642828046,-0.018642580175231318
Auvr,0.1460443423007023,0.053982183036956434,0.11698024935055959,-0.032266048642828046,1.0,0.15946250915348784
TA_Jur,0.5359217154002828,0.6120743498532084,0.2796910554623863,-0.018642580175231318,0.15946250915348784,1.0
