fpr,tpr
0.0,0.0
0.0,0.0004987531172069825
0.0,0.0014962593516209476
3.572066440435792e-05,0.0014962593516209476
3.572066440435792e-05,0.006483790523690773
0.00010716199321307377,0.006483790523690773
0.00010716199321307377,0.006982543640897756
0.0001428826576174317,0.006982543640897756
0.0001428826576174317,0.008977556109725686
0.00021432398642614754,0.008977556109725686
0.00021432398642614754,0.00997506234413965
0.0002500446508305054,0.00997506234413965
0.0002500446508305054,0.011970074812967581
0.0002857653152348634,0.011970074812967581
0.0002857653152348634,0.012967581047381545
0.0003214859796392213,0.012967581047381545
0.0003214859796392213,0.013466334164588529
0.0003572066440435792,0.013466334164588529
0.0003572066440435792,0.014962593516209476
0.0003929273084479371,0.014962593516209476
0.0003929273084479371,0.015461346633416459
0.0005358099660653688,0.015461346633416459
0.0005358099660653688,0.018952618453865335
0.0005715306304697268,0.018952618453865335
0.0005715306304697268,0.0199501246882793
0.0006072512948740846,0.0199501246882793
0.0006072512948740846,0.020947630922693267
0.0006429719592784426,0.020947630922693267
0.0006429719592784426,0.022443890274314215
0.0006786926236828006,0.022443890274314215
0.0006786926236828006,0.024438902743142144
0.0007144132880871584,0.024438902743142144
0.0007144132880871584,0.02543640897755611
0.0007501339524915164,0.02543640897755611
0.0007501339524915164,0.026433915211970076
0.0008215752813002322,0.026433915211970076
0.0008215752813002322,0.029925187032418952
0.000893016610108948,0.029925187032418952
0.000893016610108948,0.030922693266832918
0.000928737274513306,0.030922693266832918
0.000928737274513306,0.03192019950124688
0.0010001786033220217,0.03192019950124688
0.0010001786033220217,0.032418952618453865
0.0010358992677263798,0.032418952618453865
0.0010358992677263798,0.03291770573566085
0.0010716199321307376,0.03291770573566085
0.0010716199321307376,0.03341645885286783
0.0011430612609394535,0.03341645885286783
0.0011430612609394535,0.0344139650872818
0.0012145025897481693,0.0344139650872818
0.0012145025897481693,0.034912718204488775
0.0012502232541525273,0.034912718204488775
0.0012502232541525273,0.03640897755610972
0.0012859439185568852,0.03640897755610972
0.0012859439185568852,0.03740648379052369
0.001321664582961243,0.03740648379052369
0.001321664582961243,0.0399002493765586
0.0014645472405786747,0.0399002493765586
0.0014645472405786747,0.04039900249376559
0.0016074298981961065,0.04039900249376559
0.0016074298981961065,0.041895261845386535
0.0017145918914091803,0.041895261845386535
0.0017145918914091803,0.04339152119700748
0.001786033220217896,0.04339152119700748
0.001786033220217896,0.045386533665835414
0.0018931952134309698,0.045386533665835414
0.0018931952134309698,0.04588528678304239
0.0019289158778353277,0.04588528678304239
0.0019289158778353277,0.04688279301745636
0.0020360778710484017,0.04688279301745636
0.0020360778710484017,0.04837905236907731
0.002286122521878907,0.04837905236907731
0.002286122521878907,0.050374064837905234
0.002321843186283265,0.050374064837905234
0.002321843186283265,0.05236907730673317
0.002357563850687623,0.05236907730673317
0.002357563850687623,0.05286783042394015
0.0023932845150919806,0.05286783042394015
0.0023932845150919806,0.053865336658354114
0.0024290051794963385,0.053865336658354114
0.0024290051794963385,0.0543640897755611
0.0024647258439006964,0.0543640897755611
0.0024647258439006964,0.05486284289276808
0.002607608501518128,0.05486284289276808
0.002607608501518128,0.056359102244389024
0.002643329165922486,0.056359102244389024
0.002643329165922486,0.058354114713216956
0.002679049830326844,0.058354114713216956
0.002679049830326844,0.05885286783042394
0.002714770494731202,0.05885286783042394
0.002714770494731202,0.059850374064837904
0.00275049115913556,0.059850374064837904
0.00275049115913556,0.06034912718204489
0.002786211823539918,0.06034912718204489
0.002786211823539918,0.06084788029925187
0.0028219324879442758,0.06084788029925187
0.0028219324879442758,0.061845386533665836
0.0028576531523486336,0.061845386533665836
0.0028576531523486336,0.0628428927680798
0.0029290944811573493,0.0628428927680798
0.0029290944811573493,0.06483790523690773
0.0030005358099660655,0.06483790523690773
0.0030005358099660655,0.06832917705735661
0.003071977138774781,0.06832917705735661
0.003071977138774781,0.06982543640897755
0.003143418467583497,0.06982543640897755
0.003143418467583497,0.07182044887780549
0.0031791391319878548,0.07182044887780549
0.0031791391319878548,0.07481296758104738
0.003214859796392213,0.07481296758104738
0.003214859796392213,0.0773067331670823
0.003250580460796571,0.0773067331670823
0.003250580460796571,0.07880299251870324
0.0034649044472227185,0.07880299251870324
0.0034649044472227185,0.0798004987531172
0.0035006251116270763,0.0798004987531172
0.0035006251116270763,0.08528678304239401
0.003572066440435792,0.08528678304239401
0.003572066440435792,0.08728179551122195
0.00360778710484015,0.08728179551122195
0.00360778710484015,0.08778054862842893
0.003679228433648866,0.08778054862842893
0.003679228433648866,0.0882793017456359
0.0037506697624575818,0.0882793017456359
0.0037506697624575818,0.09027431421446384
0.0037863904268619396,0.09027431421446384
0.0037863904268619396,0.09326683291770574
0.0038221110912662975,0.09326683291770574
0.0038221110912662975,0.0942643391521197
0.0038578317556706553,0.0942643391521197
0.0038578317556706553,0.09576059850374065
0.003893552420075013,0.09576059850374065
0.003893552420075013,0.09675810473815462
0.003929273084479371,0.09675810473815462
0.003929273084479371,0.09925187032418953
0.004000714413288087,0.09925187032418953
0.004000714413288087,0.10074812967581047
0.004036435077692445,0.10074812967581047
0.004036435077692445,0.10174563591022444
0.004072155742096803,0.10174563591022444
0.004072155742096803,0.10274314214463841
0.004107876406501161,0.10274314214463841
0.004107876406501161,0.10423940149625935
0.004143597070905519,0.10423940149625935
0.004143597070905519,0.10523690773067332
0.004215038399714235,0.10523690773067332
0.004215038399714235,0.10623441396508729
0.004250759064118593,0.10623441396508729
0.004250759064118593,0.10773067331670823
0.0042864797285229505,0.10773067331670823
0.0042864797285229505,0.10822942643391521
0.004322200392927309,0.10822942643391521
0.004322200392927309,0.1087281795511222
0.0043936417217360245,0.1087281795511222
0.00446508305054474,0.1087281795511222
0.00446508305054474,0.10972568578553615
0.0045008037149490985,0.10972568578553615
0.0045008037149490985,0.11022443890274314
0.00464368637256653,0.11022443890274314
0.00464368637256653,0.11072319201995012
0.004679407036970887,0.11072319201995012
0.004679407036970887,0.11172069825436409
0.004715127701375246,0.11172069825436409
0.004715127701375246,0.11271820448877805
0.004750848365779604,0.11271820448877805
0.004750848365779604,0.11371571072319202
0.004786569030183961,0.11371571072319202
0.004786569030183961,0.114214463840399
0.00482228969458832,0.114214463840399
0.00482228969458832,0.11521197007481297
0.005000893016610109,0.11521197007481297
0.005000893016610109,0.11571072319201996
0.005036613681014467,0.11571072319201996
0.005036613681014467,0.11620947630922693
0.005072334345418825,0.11620947630922693
0.005072334345418825,0.11670822942643391
0.005108055009823182,0.11670822942643391
0.005108055009823182,0.11770573566084788
0.005143775674227541,0.11770573566084788
0.005143775674227541,0.11970074812967581
0.005179496338631898,0.11970074812967581
0.005179496338631898,0.12119700748129676
0.005215217003036256,0.12119700748129676
0.005215217003036256,0.12219451371571072
0.005250937667440615,0.12219451371571072
0.005250937667440615,0.12319201995012469
0.005286658331844972,0.12319201995012469
0.005286658331844972,0.12369077306733167
0.005429540989462404,0.12369077306733167
0.005429540989462404,0.12418952618453866
0.00550098231827112,0.12418952618453866
0.00550098231827112,0.12518703241895263
0.0055367029826754776,0.12518703241895263
0.0055367029826754776,0.12718204488778054
0.005572423647079836,0.12718204488778054
0.005572423647079836,0.12768079800498752
0.005608144311484193,0.12768079800498752
0.005608144311484193,0.12917705735660848
0.0056438649758885516,0.12917705735660848
0.0056438649758885516,0.13017456359102245
0.005715306304697267,0.13017456359102245
0.005715306304697267,0.13117206982543642
0.005822468297910341,0.13117206982543642
0.005822468297910341,0.1316708229426434
0.005858188962314699,0.1316708229426434
0.005858188962314699,0.13266832917705737
0.005893909626719057,0.13266832917705737
0.005893909626719057,0.13516209476309227
0.005929630291123415,0.13516209476309227
0.005929630291123415,0.13665835411471322
0.005965350955527773,0.13665835411471322
0.005965350955527773,0.13865336658354116
0.006001071619932131,0.13865336658354116
0.006001071619932131,0.13915211970074812
0.006036792284336488,0.13915211970074812
0.006036792284336488,0.1401496259351621
0.006072512948740847,0.1401496259351621
0.006072512948740847,0.14064837905236907
0.006215395606358278,0.14064837905236907
0.006215395606358278,0.14114713216957606
0.0063582782639757095,0.14114713216957606
0.0063582782639757095,0.14214463840399003
0.006501160921593142,0.14214463840399003
0.006501160921593142,0.142643391521197
0.006715484908019289,0.142643391521197
0.006715484908019289,0.143142144638404
0.006751205572423647,0.143142144638404
0.006751205572423647,0.14364089775561098
0.006786926236828005,0.14364089775561098
0.006786926236828005,0.14463840399002495
0.006822646901232363,0.14463840399002495
0.006822646901232363,0.1451371571072319
0.006858367565636721,0.1451371571072319
0.006858367565636721,0.1456359102244389
0.006929808894445437,0.1456359102244389
0.006929808894445437,0.14613466334164588
0.006965529558849794,0.14613466334164588
0.006965529558849794,0.14763092269326683
0.007001250223254153,0.14763092269326683
0.007001250223254153,0.14812967581047382
0.00703697088765851,0.14812967581047382
0.00703697088765851,0.1486284289276808
0.007072691552062868,0.1486284289276808
0.007072691552062868,0.14912718204488778
0.007108412216467227,0.14912718204488778
0.007108412216467227,0.15062344139650874
0.007144132880871584,0.15062344139650874
0.007144132880871584,0.15112219451371572
0.0072155742096803,0.15112219451371572
0.0072155742096803,0.15311720698254364
0.007251294874084658,0.15311720698254364
0.007251294874084658,0.1541147132169576
0.007358456867297732,0.1541147132169576
0.007358456867297732,0.1546134663341646
0.007429898196106448,0.1546134663341646
0.007429898196106448,0.15511221945137157
0.007465618860510805,0.15511221945137157
0.007465618860510805,0.1571072319201995
0.007537060189319521,0.1571072319201995
0.007537060189319521,0.15860349127182044
0.007572780853723879,0.15860349127182044
0.007572780853723879,0.15910224438902743
0.007751384175745669,0.15910224438902743
0.007751384175745669,0.1596009975062344
0.007787104840150026,0.1596009975062344
0.007787104840150026,0.1600997506234414
0.007858546168958742,0.1600997506234414
0.007858546168958742,0.16059850374064838
0.008001428826576173,0.16059850374064838
0.008001428826576173,0.16109725685785536
0.008037149490980533,0.16109725685785536
0.008037149490980533,0.16209476309226933
0.00807287015538489,0.16209476309226933
0.00807287015538489,0.16259351620947632
0.008108590819789247,0.16259351620947632
0.008108590819789247,0.1630922693266833
0.008287194141811038,0.1630922693266833
0.008287194141811038,0.16458852867830423
0.008358635470619753,0.16458852867830423
0.008358635470619753,0.1655860349127182
0.00843007679942847,0.1655860349127182
0.00843007679942847,0.16658354114713217
0.008465797463832827,0.16658354114713217
0.008465797463832827,0.16708229426433915
0.008501518128237186,0.16708229426433915
0.008501518128237186,0.1690773067331671
0.008572959457045901,0.1690773067331671
0.008572959457045901,0.17007481296758103
0.008715842114663332,0.17007481296758103
0.008715842114663332,0.17057356608478802
0.008823004107876406,0.17057356608478802
0.008823004107876406,0.171072319201995
0.008858724772280764,0.171072319201995
0.008858724772280764,0.17206982543640897
0.008894445436685123,0.17206982543640897
0.008894445436685123,0.17256857855361596
0.00893016610108948,0.17256857855361596
0.00893016610108948,0.17356608478802993
0.009037328094302554,0.17356608478802993
0.009037328094302554,0.1740648379052369
0.009073048758706912,0.1740648379052369
0.009073048758706912,0.17556109725685787
0.009144490087515628,0.17556109725685787
0.009144490087515628,0.1770573566084788
0.009215931416324343,0.1770573566084788
0.009215931416324343,0.17755610972568578
0.00928737274513306,0.17755610972568578
0.00928737274513306,0.17905236907730673
0.009358814073941775,0.17905236907730673
0.009358814073941775,0.18104738154613467
0.009430255402750491,0.18104738154613467
0.009430255402750491,0.18154613466334166
0.009537417395963565,0.18154613466334166
0.009537417395963565,0.18304239401496258
0.009573138060367923,0.18304239401496258
0.009573138060367923,0.18453865336658354
0.00964457938917664,0.18453865336658354
0.00964457938917664,0.18503740648379052
0.009680300053580997,0.18503740648379052
0.009680300053580997,0.1860349127182045
0.009716020717985354,0.1860349127182045
0.009716020717985354,0.18703241895261846
0.009894624040007145,0.18703241895261846
0.009894624040007145,0.18753117206982545
0.00996606536881586,0.18753117206982545
0.00996606536881586,0.18802992518703243
0.010001786033220219,0.18802992518703243
0.010001786033220219,0.1885286783042394
0.010073227362028933,0.1885286783042394
0.010073227362028933,0.18952618453865336
0.01010894802643329,0.18952618453865336
0.01010894802643329,0.19002493765586034
0.010180389355242007,0.19002493765586034
0.010180389355242007,0.1915211970074813
0.010216110019646365,0.1915211970074813
0.010216110019646365,0.19301745635910225
0.010358992677263796,0.19301745635910225
0.010358992677263796,0.19401496259351622
0.010430434006072513,0.19401496259351622
0.010430434006072513,0.19600997506234413
0.01046615467047687,0.19600997506234413
0.01046615467047687,0.1970074812967581
0.01050187533488123,0.1970074812967581
0.01050187533488123,0.1975062344139651
0.010537595999285587,0.1975062344139651
0.010537595999285587,0.19800498753117207
0.01064475799249866,0.19800498753117207
0.01064475799249866,0.19850374064837906
0.010751919985711735,0.19850374064837906
0.010751919985711735,0.19950124688279303
0.010787640650116092,0.19950124688279303
0.010787640650116092,0.2
0.01082336131452045,0.2
0.01082336131452045,0.200498753117207
0.010859081978924809,0.200498753117207
0.010859081978924809,0.20099750623441395
0.010894802643329166,0.20099750623441395
0.010894802643329166,0.20199501246882792
0.010930523307733524,0.20199501246882792
0.010930523307733524,0.20399002493765586
0.010966243972137881,0.20399002493765586
0.010966243972137881,0.20448877805486285
0.011109126629755314,0.20448877805486285
0.011109126629755314,0.20548628428927682
0.011144847294159672,0.20548628428927682
0.011144847294159672,0.2059850374064838
0.011252009287372746,0.2059850374064838
0.011252009287372746,0.20748129675810473
0.01132345061618146,0.20748129675810473
0.01132345061618146,0.21047381546134664
0.011394891944990177,0.21047381546134664
0.011394891944990177,0.2114713216957606
0.011716377924629397,0.2114713216957606
0.011716377924629397,0.2119700748129676
0.011752098589033757,0.2119700748129676
0.011752098589033757,0.21346633416458852
0.011823539917842471,0.21346633416458852
0.011823539917842471,0.21546134663341646
0.012145025897481693,0.21546134663341646
0.012145025897481693,0.21596009975062344
0.01218074656188605,0.21596009975062344
0.01218074656188605,0.21645885286783043
0.012252187890694767,0.21645885286783043
0.012252187890694767,0.21895261845386535
0.012323629219503482,0.21895261845386535
0.012323629219503482,0.22144638403990025
0.012359349883907841,0.22144638403990025
0.012359349883907841,0.22194513715710723
0.012395070548312199,0.22194513715710723
0.012395070548312199,0.2229426433915212
0.01253795320592963,0.2229426433915212
0.01253795320592963,0.22493765586034914
0.012573673870333988,0.22493765586034914
0.012573673870333988,0.22643391521197007
0.012609394534738347,0.22643391521197007
0.012609394534738347,0.22743142144638404
0.012645115199142704,0.22743142144638404
0.012645115199142704,0.228428927680798
0.012680835863547062,0.228428927680798
0.012680835863547062,0.228927680798005
0.012752277192355778,0.228927680798005
0.012752277192355778,0.22942643391521197
0.012787997856760136,0.22942643391521197
0.012787997856760136,0.23092269326683293
0.012966601178781925,0.23092269326683293
0.012966601178781925,0.2314214463840399
0.013073763171994999,0.2314214463840399
0.013073763171994999,0.23192019950124687
0.013109483836399358,0.23192019950124687
0.013109483836399358,0.23241895261845386
0.013145204500803715,0.23241895261845386
0.013145204500803715,0.23291770573566084
0.01321664582961243,0.23291770573566084
0.01321664582961243,0.23341645885286783
0.013359528487229863,0.23341645885286783
0.013359528487229863,0.2339152119700748
0.013430969816038578,0.2339152119700748
0.013430969816038578,0.2344139650872818
0.013466690480442937,0.2344139650872818
0.013466690480442937,0.23541147132169576
0.01357385247365601,0.23541147132169576
0.01357385247365601,0.23591022443890275
0.013645293802464726,0.23591022443890275
0.013645293802464726,0.23690773067331672
0.013823897124486515,0.23690773067331672
0.013823897124486515,0.2374064837905237
0.01407394177531702,0.2374064837905237
0.01407394177531702,0.23890274314214463
0.014145383104125737,0.23890274314214463
0.014145383104125737,0.23940149625935161
0.014181103768530094,0.23940149625935161
0.014181103768530094,0.2399002493765586
0.014216824432934453,0.2399002493765586
0.014216824432934453,0.24089775561097257
0.014359707090551885,0.24089775561097257
0.014359707090551885,0.24139650872817955
0.014466869083764959,0.24139650872817955
0.014466869083764959,0.24239401496259352
0.014538310412573674,0.24239401496259352
0.014538310412573674,0.2428927680798005
0.014574031076978031,0.2428927680798005
0.014574031076978031,0.2433915211970075
0.01460975174138239,0.2433915211970075
0.01460975174138239,0.24438902743142144
0.014645472405786748,0.24438902743142144
0.014645472405786748,0.24488778054862842
0.014788355063404179,0.24488778054862842
0.014788355063404179,0.2453865336658354
0.014859796392212896,0.2453865336658354
0.014859796392212896,0.2458852867830424
0.015074120378639042,0.2458852867830424
0.015074120378639042,0.24638403990024937
0.015181282371852116,0.24638403990024937
0.015181282371852116,0.24688279301745636
0.015217003036256475,0.24688279301745636
0.015217003036256475,0.24788029925187033
0.015324165029469547,0.24788029925187033
0.015324165029469547,0.24937655860349128
0.015395606358278264,0.24937655860349128
0.015395606358278264,0.24987531172069827
0.015431327022682621,0.24987531172069827
0.015431327022682621,0.25037406483790525
0.01546704768708698,0.25037406483790525
0.01546704768708698,0.2513715710723192
0.015574209680300053,0.2513715710723192
0.015574209680300053,0.2518703241895262
0.015681371673513127,0.2518703241895262
0.015681371673513127,0.2528678304239402
0.015717092337917484,0.2528678304239402
0.015717092337917484,0.2533665835411471
0.01575281300232184,0.2533665835411471
0.01575281300232184,0.2543640897755611
0.015788533666726202,0.2543640897755611
0.015788533666726202,0.25486284289276806
0.015859974995534917,0.25486284289276806
0.015859974995534917,0.25536159600997504
0.016002857653152347,0.25536159600997504
0.016002857653152347,0.25586034912718203
0.016038578317556708,0.25586034912718203
0.016038578317556708,0.256359102244389
0.016074298981961065,0.256359102244389
0.016074298981961065,0.25785536159600997
0.016110019646365423,0.25785536159600997
0.016110019646365423,0.25885286783042394
0.016217181639578495,0.25885286783042394
0.016217181639578495,0.2598503740648379
0.016288622968387213,0.2598503740648379
0.016288622968387213,0.2608478802992519
0.016360064297195928,0.2608478802992519
0.016360064297195928,0.26184538653366585
0.016395784961600286,0.26184538653366585
0.016395784961600286,0.26234413965087283
0.016431505626004643,0.26234413965087283
0.016431505626004643,0.2628428927680798
0.01664582961243079,0.2628428927680798
0.01664582961243079,0.2633416458852868
0.016752991605643863,0.2633416458852868
0.016752991605643863,0.26483790523690776
0.01682443293445258,0.26483790523690776
0.01682443293445258,0.26633416458852865
0.01686015359885694,0.26633416458852865
0.01686015359885694,0.26683291770573564
0.01703875692087873,0.26683291770573564
0.01703875692087873,0.2673316708229426
0.017145918914091802,0.2673316708229426
0.017145918914091802,0.2683291770573566
0.017288801571709235,0.2683291770573566
0.017288801571709235,0.26932668329177056
0.017503125558135383,0.26932668329177056
0.017503125558135383,0.2713216957605985
0.01753884622253974,0.2713216957605985
0.01753884622253974,0.2718204488778055
0.017574566886944098,0.2718204488778055
0.017574566886944098,0.27331670822942644
0.017610287551348455,0.27331670822942644
0.017610287551348455,0.2743142144638404
0.01768172888015717,0.2743142144638404
0.01768172888015717,0.27581047381546137
0.017717449544561528,0.27581047381546137
0.017717449544561528,0.2773067331670823
0.01775317020896589,0.2773067331670823
0.01775317020896589,0.2788029925187032
0.017788890873370246,0.2788029925187032
0.017788890873370246,0.2793017456359102
0.017896052866583318,0.2793017456359102
0.017896052866583318,0.2798004987531172
0.017967494195392033,0.2798004987531172
0.017967494195392033,0.28079800498753116
0.018003214859796394,0.28079800498753116
0.018003214859796394,0.2817955112219451
0.018146097517413824,0.2817955112219451
0.018146097517413824,0.2832917705735661
0.018288980175031257,0.2832917705735661
0.018288980175031257,0.285286783042394
0.018431862832648686,0.285286783042394
0.018431862832648686,0.285785536159601
0.018467583497053044,0.285785536159601
0.018467583497053044,0.286284289276808
0.018539024825861762,0.286284289276808
0.018539024825861762,0.286783042394015
0.01857474549026612,0.286783042394015
0.01857474549026612,0.28728179551122196
0.018646186819074834,0.28728179551122196
0.018646186819074834,0.28778054862842894
0.018681907483479192,0.28778054862842894
0.018681907483479192,0.28827930174563593
0.01875334881228791,0.28827930174563593
0.01875334881228791,0.2897755610972569
0.018789069476692268,0.2897755610972569
0.018789069476692268,0.2907730673316708
0.01889623146990534,0.2907730673316708
0.01889623146990534,0.2912718204488778
0.019039114127522773,0.2912718204488778
0.019039114127522773,0.29177057356608477
0.019146276120735845,0.29177057356608477
0.019146276120735845,0.29226932668329175
0.019181996785140203,0.29226932668329175
0.019181996785140203,0.2937655860349127
0.019503482764779426,0.2937655860349127
0.019503482764779426,0.2942643391521197
0.019682086086801213,0.2942643391521197
0.019682086086801213,0.2947630922693267
0.01993213073763172,0.2947630922693267
0.01993213073763172,0.29526184538653366
0.020003572066440437,0.29576059850374065
0.02011073405965351,0.29576059850374065
0.02011073405965351,0.29625935162094763
0.020182175388462224,0.29625935162094763
0.020182175388462224,0.2967581047381546
0.0202893373816753,0.2967581047381546
0.0202893373816753,0.2972568578553616
0.020396499374888372,0.2972568578553616
0.020396499374888372,0.2977556109725686
0.02043222003929273,0.2977556109725686
0.02043222003929273,0.29825436408977557
0.020575102696910163,0.29825436408977557
0.020575102696910163,0.29875311720698255
0.020682264690123235,0.29875311720698255
0.020682264690123235,0.29925187032418954
0.020717985354527593,0.29925187032418954
0.020717985354527593,0.3012468827930175
0.020753706018931953,0.3012468827930175
0.020753706018931953,0.30224438902743145
0.02078942668333631,0.3027431421446384
0.02082514734774067,0.3027431421446384
0.02082514734774067,0.30423940149625933
0.020968030005358098,0.30423940149625933
0.020968030005358098,0.3047381546134663
0.02111091266297553,0.3047381546134663
0.02111091266297553,0.3052369077306733
0.021218074656188603,0.3052369077306733
0.021218074656188603,0.30673316708229426
0.02128951598499732,0.30673316708229426
0.02128951598499732,0.30723192019950124
0.02146811930701911,0.30723192019950124
0.02146811930701911,0.3077306733167082
0.02150383997142347,0.3077306733167082
0.02150383997142347,0.3087281795511222
0.021611001964636542,0.3087281795511222
0.021611001964636542,0.3092269326683292
0.021789605286658333,0.3092269326683292
0.021789605286658333,0.30972568578553616
0.02182532595106269,0.30972568578553616
0.02182532595106269,0.3112219451371571
0.021932487944275762,0.3112219451371571
0.021932487944275762,0.3122194513715711
0.022075370601893195,0.3122194513715711
0.022075370601893195,0.3127182044887781
0.02214681193070191,0.3127182044887781
0.02214681193070191,0.31321695760598506
0.022182532595106268,0.31321695760598506
0.022182532595106268,0.31371571072319204
0.022253973923914986,0.31371571072319204
0.022253973923914986,0.31521197007481294
0.022611180567958564,0.31521197007481294
0.022611180567958564,0.3167082294264339
0.02268262189676728,0.3167082294264339
0.02268262189676728,0.31770573566084787
0.022789783889980354,0.31770573566084787
0.022789783889980354,0.31820448877805485
0.022932666547597784,0.31820448877805485
0.022932666547597784,0.31870324189526184
0.022968387212002145,0.31870324189526184
0.022968387212002145,0.3192019950124688
0.023004107876406502,0.3192019950124688
0.023004107876406502,0.3201995012468828
0.02318271119842829,0.3201995012468828
0.02318271119842829,0.3206982543640898
0.023289873191641365,0.3206982543640898
0.023289873191641365,0.32119700748129676
0.023325593856045723,0.32119700748129676
0.023325593856045723,0.32219451371571073
0.02336131452045008,0.32219451371571073
0.02336131452045008,0.3236907730673317
0.023504197178067513,0.3236907730673317
0.023504197178067513,0.32418952618453867
0.023575638506876228,0.32418952618453867
0.023575638506876228,0.32468827930174565
0.023611359171280585,0.32468827930174565
0.023611359171280585,0.32518703241895264
0.02371852116449366,0.32518703241895264
0.02371852116449366,0.3256857855361596
0.02375424182889802,0.3256857855361596
0.02375424182889802,0.3271820448877805
0.023789962493302376,0.3271820448877805
0.023789962493302376,0.3281795511221945
0.023825683157706733,0.3281795511221945
0.023825683157706733,0.3286783042394015
0.02386140382211109,0.3286783042394015
0.02386140382211109,0.32917705735660846
0.023897124486515448,0.32917705735660846
0.023897124486515448,0.3311720698254364
0.023932845150919806,0.3311720698254364
0.023932845150919806,0.33216957605985037
0.023968565815324167,0.33216957605985037
0.023968565815324167,0.33266832917705735
0.02407572780853724,0.33266832917705735
0.02407572780853724,0.33316708229426434
0.024111448472941596,0.33316708229426434
0.024111448472941596,0.3336658354114713
0.02418288980175031,0.3336658354114713
0.02418288980175031,0.3346633416458853
0.024218610466154672,0.3346633416458853
0.024218610466154672,0.33615960099750625
0.024325772459367744,0.33615960099750625
0.024325772459367744,0.33665835411471323
0.024432934452580816,0.33665835411471323
0.024432934452580816,0.3381546134663342
0.024468655116985177,0.3381546134663342
0.024468655116985177,0.33865336658354117
0.024504375781389535,0.33865336658354117
0.024504375781389535,0.33915211970074816
0.024682979103411322,0.33915211970074816
0.024682979103411322,0.3396508728179551
0.024861582425433112,0.3396508728179551
0.024861582425433112,0.34064837905236905
0.02489730308983747,0.34064837905236905
0.02489730308983747,0.34114713216957604
0.025111627076263618,0.34114713216957604
0.025111627076263618,0.341645885286783
0.025218789069476694,0.341645885286783
0.025218789069476694,0.34214463840399
0.02525450973388105,0.34214463840399
0.02525450973388105,0.34413965087281795
0.02557599571352027,0.34413965087281795
0.02557599571352027,0.3451371571072319
0.025647437042328986,0.3451371571072319
0.025647437042328986,0.3461346633416459
0.025683157706733344,0.3461346633416459
0.025683157706733344,0.34663341645885287
0.025718878371137704,0.34663341645885287
0.025718878371137704,0.34713216957605986
0.02589748169315949,0.34713216957605986
0.02589748169315949,0.34763092269326684
0.02593320235756385,0.34763092269326684
0.02593320235756385,0.3481296758104738
0.026040364350776925,0.3481296758104738
0.026040364350776925,0.3486284289276808
0.02611180567958564,0.3486284289276808
0.02611180567958564,0.3496259351620948
0.026147526343989997,0.3496259351620948
0.026147526343989997,0.35012468827930177
0.02643329165922486,0.35012468827930177
0.02646901232362922,0.35062344139650875
0.026540453652437936,0.35062344139650875
0.026540453652437936,0.35112219451371574
0.02668333631005537,0.35112219451371574
0.02668333631005537,0.3516209476309227
0.0268262189676728,0.3516209476309227
0.026933380960885874,0.3516209476309227
0.026933380960885874,0.35211970074812965
0.027040542954098946,0.35211970074812965
0.027040542954098946,0.35261845386533663
0.02711198428290766,0.35261845386533663
0.02711198428290766,0.3536159600997506
0.02718342561171638,0.3536159600997506
0.02718342561171638,0.3541147132169576
0.027290587604929452,0.3541147132169576
0.027290587604929452,0.3566084788029925
0.027397749598142524,0.3566084788029925
0.027397749598142524,0.3571072319201995
0.0275049115913556,0.3571072319201995
0.0275049115913556,0.3576059850374065
0.027540632255759957,0.3576059850374065
0.027540632255759957,0.35810473815461347
0.027612073584568672,0.35810473815461347
0.027612073584568672,0.35910224438902744
0.02768351491337739,0.35910224438902744
0.02768351491337739,0.3596009975062344
0.027719235577781748,0.3596009975062344
0.027719235577781748,0.3600997506234414
0.027754956242186105,0.3600997506234414
0.027754956242186105,0.36159600997506236
0.02782639757099482,0.36159600997506236
0.02782639757099482,0.36259351620947633
0.027933559564207896,0.36259351620947633
0.027933559564207896,0.3635910224438903
0.027969280228612253,0.3635910224438903
0.027969280228612253,0.3645885286783042
0.028040721557420968,0.3645885286783042
0.028040721557420968,0.3650872817955112
0.028112162886229683,0.3650872817955112
0.028112162886229683,0.3655860349127182
0.028290766208251474,0.3655860349127182
0.028290766208251474,0.36608478802992517
0.028433648865868907,0.36608478802992517
0.028433648865868907,0.36708229426433914
0.02871941418110377,0.36708229426433914
0.02871941418110377,0.3675810473815461
0.02904090016074299,0.3675810473815461
0.02904090016074299,0.3680798004987531
0.02921950348276478,0.3680798004987531
0.02921950348276478,0.36957605985037406
0.02936238614038221,0.36957605985037406
0.02936238614038221,0.37007481296758105
0.029469548133595286,0.37007481296758105
0.029469548133595286,0.37057356608478803
0.029505268797999643,0.37057356608478803
0.029505268797999643,0.371072319201995
0.029576710126808358,0.371072319201995
0.029576710126808358,0.372069825436409
0.029612430791212715,0.372069825436409
0.029612430791212715,0.37256857855361597
0.029683872120021434,0.37256857855361597
0.029683872120021434,0.37356608478802994
0.030291123414895517,0.37356608478802994
0.030291123414895517,0.3750623441396509
0.030362564743704232,0.3750623441396509
0.030362564743704232,0.3755610972568579
0.030469726736917307,0.3755610972568579
0.030469726736917307,0.37605985037406486
0.030505447401321665,0.37605985037406486
0.030505447401321665,0.3770573566084788
0.030612609394534737,0.3770573566084788
0.030612609394534737,0.37755610972568576
0.030684050723343455,0.37755610972568576
0.030684050723343455,0.37855361596009973
0.03075549205215217,0.37855361596009973
0.03075549205215217,0.3790523690773067
0.030826933380960885,0.3790523690773067
0.030826933380960885,0.3795511221945137
0.0308983747097696,0.3795511221945137
0.0308983747097696,0.3800498753117207
0.03096981603857832,0.3800498753117207
0.03096981603857832,0.38154613466334164
0.03107697803179139,0.38154613466334164
0.03107697803179139,0.3820448877805486
0.031184140025004466,0.3820448877805486
0.031184140025004466,0.3825436408977556
0.031219860689408824,0.3825436408977556
0.031219860689408824,0.3830423940149626
0.0313270226826219,0.3830423940149626
0.0313270226826219,0.3835411471321696
0.031577067333452405,0.3835411471321696
0.031577067333452405,0.38403990024937656
0.031684229326665474,0.38403990024937656
0.031684229326665474,0.38503740648379053
0.031719949991069835,0.38503740648379053
0.031719949991069835,0.3855361596009975
0.03179139131987855,0.3855361596009975
0.03179139131987855,0.3860349127182045
0.03182711198428291,0.3860349127182045
0.03182711198428291,0.3865336658354115
0.031862832648687264,0.3865336658354115
0.031862832648687264,0.3870324189526185
0.031898553313091625,0.3870324189526185
0.031898553313091625,0.38753117206982546
0.032041435970709055,0.38753117206982546
0.032041435970709055,0.38802992518703244
0.032077156635113416,0.38802992518703244
0.032077156635113416,0.3885286783042394
0.032220039292730845,0.3885286783042394
0.032220039292730845,0.3900249376558603
0.03229148062153956,0.3900249376558603
0.03229148062153956,0.3905236907730673
0.032505804607965705,0.3905236907730673
0.032505804607965705,0.3910224438902743
0.03261296660117878,0.3910224438902743
0.03261296660117878,0.3915211970074813
0.03264868726558314,0.3915211970074813
0.03264868726558314,0.39201995012468827
0.032684407929987495,0.39201995012468827
0.032684407929987495,0.39301745635910224
0.03279156992320057,0.39301745635910224
0.03279156992320057,0.3940149625935162
0.03282729058760493,0.3940149625935162
0.03282729058760493,0.3950124688279302
0.032934452580818,0.3950124688279302
0.032934452580818,0.39551122194513716
0.03297017324522236,0.39551122194513716
0.03297017324522236,0.39600997506234414
0.03311305590283979,0.39600997506234414
0.03311305590283979,0.39650872817955113
0.033184497231648506,0.39650872817955113
0.033184497231648506,0.3970074812967581
0.03339882121807466,0.3970074812967581
0.03339882121807466,0.3975062344139651
0.03347026254688337,0.3975062344139651
0.03347026254688337,0.3980049875311721
0.033505983211287726,0.3980049875311721
0.033505983211287726,0.39900249376558605
0.03357742454009645,0.39900249376558605
0.03357742454009645,0.4
0.03372030719771388,0.4
0.03372030719771388,0.400498753117207
0.033827469190926954,0.400498753117207
0.033827469190926954,0.400997506234414
0.03389891051973567,0.400997506234414
0.03389891051973567,0.4019950124688279
0.03425611716377925,0.4019950124688279
0.03425611716377925,0.4024937655860349
0.034327558492587965,0.4024937655860349
0.034327558492587965,0.4029925187032419
0.034470441150205394,0.4029925187032419
0.034470441150205394,0.40399002493765584
0.03457760314341847,0.40399002493765584
0.03457760314341847,0.4049875311720698
0.03475620646544026,0.4049875311720698
0.03475620646544026,0.4054862842892768
0.034827647794248975,0.4054862842892768
0.034827647794248975,0.4059850374064838
0.034934809787462044,0.4059850374064838
0.034934809787462044,0.40648379052369077
0.035006251116270766,0.40648379052369077
0.035006251116270766,0.40698254364089775
0.03507769244507948,0.40698254364089775
0.03507769244507948,0.4079800498753117
0.03550634041793178,0.4079800498753117
0.03550634041793178,0.4084788029925187
0.03572066440435792,0.4084788029925187
0.03572066440435792,0.4089775561097257
0.03586354706197535,0.4089775561097257
0.03586354706197535,0.4094763092269327
0.03589926772637971,0.4094763092269327
0.03589926772637971,0.40997506234413966
0.0360778710484015,0.40997506234413966
0.0360778710484015,0.41047381546134665
0.03618503304161457,0.41047381546134665
0.03618503304161457,0.41097256857855363
0.03622075370601893,0.41097256857855363
0.03622075370601893,0.4114713216957606
0.03636363636363636,0.4114713216957606
0.03636363636363636,0.4119700748129676
0.03639935702804072,0.4119700748129676
0.03639935702804072,0.41296758104738157
0.036756563672084304,0.41296758104738157
0.036756563672084304,0.41346633416458856
0.03682800500089302,0.41346633416458856
0.03682800500089302,0.4139650872817955
0.03714949098053224,0.4139650872817955
0.03714949098053224,0.41446384039900247
0.037363814966958384,0.41446384039900247
0.037363814966958384,0.41496259351620945
0.037542418288980174,0.41496259351620945
0.037542418288980174,0.41546134663341644
0.03764958028219325,0.41546134663341644
0.03764958028219325,0.4159600997506234
0.037685300946597604,0.4159600997506234
0.037685300946597604,0.4169576059850374
0.037863904268619394,0.4169576059850374
0.037863904268619394,0.4174563591022444
0.037899624933023755,0.4174563591022444
0.037899624933023755,0.41795511221945136
0.03797106626183247,0.41795511221945136
0.03797106626183247,0.41845386533665835
0.03800678692623683,0.41845386533665835
0.03800678692623683,0.41895261845386533
0.038078228255045546,0.41895261845386533
0.038078228255045546,0.4199501246882793
0.038221110912662976,0.4199501246882793
0.038221110912662976,0.4204488778054863
0.03832827290587605,0.4204488778054863
0.03832827290587605,0.42094763092269327
0.038399714234684766,0.42094763092269327
0.038399714234684766,0.42144638403990026
0.03861403822111091,0.42144638403990026
0.03861403822111091,0.42194513715710724
0.03864975888551527,0.42194513715710724
0.03864975888551527,0.4224438902743142
0.03897124486515449,0.4224438902743142
0.03897124486515449,0.4229426433915212
0.03914984818717628,0.4229426433915212
0.03914984818717628,0.4234413965087282
0.03939989283800679,0.4234413965087282
0.03939989283800679,0.4239401496259352
0.03979282014645472,0.4239401496259352
0.03979282014645472,0.42493765586034915
0.039828540810859084,0.42493765586034915
0.039828540810859084,0.42543640897755614
0.03986426147526344,0.42543640897755614
0.03986426147526344,0.42643391521197005
0.04007858546168959,0.42643391521197005
0.04007858546168959,0.42693266832917703
0.04036435077692445,0.42693266832917703
0.04036435077692445,0.427431421446384
0.04040007144132881,0.427431421446384
0.04040007144132881,0.427930174563591
0.040507233434541885,0.427930174563591
0.040507233434541885,0.428927680798005
0.040507233434541885,0.42942643391521196
0.04068583675656367,0.42942643391521196
0.04068583675656367,0.4309226932668329
0.04072155742096803,0.4309226932668329
0.04072155742096803,0.4314214463840399
0.040828719414181106,0.4314214463840399
0.040828719414181106,0.4319201995012469
0.040971602071798535,0.4319201995012469
0.040971602071798535,0.43241895261845387
0.04104304340060725,0.43241895261845387
0.04104304340060725,0.43291770573566085
0.041150205393820326,0.43291770573566085
0.041150205393820326,0.4339152119700748
0.04118592605822468,0.4339152119700748
0.04118592605822468,0.4344139650872818
0.041293088051437755,0.4344139650872818
0.041293088051437755,0.4354114713216958
0.04136452938024647,0.4354114713216958
0.04136452938024647,0.43591022443890276
0.04140025004465083,0.43591022443890276
0.04140025004465083,0.4374064837905237
0.041435970709055185,0.4374064837905237
0.041435970709055185,0.4379052369077307
0.04150741203786391,0.4379052369077307
0.04154313270226826,0.43840399002493763
0.04154313270226826,0.4389027431421446
0.04157885336667262,0.4389027431421446
0.04165029469548134,0.4399002493765586
0.04172173602429005,0.4399002493765586
0.04172173602429005,0.44089775561097255
0.04175745668869441,0.44089775561097255
0.04175745668869441,0.44139650872817954
0.04186461868190748,0.44139650872817954
0.04186461868190748,0.4418952618453865
0.04211466333273799,0.4418952618453865
0.04211466333273799,0.4428927680798005
0.04222182532595106,0.4428927680798005
0.04222182532595106,0.4433915211970075
0.04240042864797285,0.4433915211970075
0.04247186997678157,0.4433915211970075
0.04268619396320771,0.4433915211970075
0.04268619396320771,0.44389027431421446
0.04272191462761207,0.44389027431421446
0.04272191462761207,0.44438902743142145
0.04282907662082515,0.44438902743142145
0.04282907662082515,0.4453865336658354
0.04297195927844258,0.4453865336658354
0.04300767994284694,0.4458852867830424
0.04300767994284694,0.4463840399002494
0.04318628326486872,0.4463840399002494
0.04318628326486872,0.44688279301745637
0.043222003929273084,0.44688279301745637
0.043257724593677445,0.44738154613466335
0.04332916592248616,0.44738154613466335
0.04332916592248616,0.44788029925187034
0.043400607251294875,0.44788029925187034
0.043400607251294875,0.4483790523690773
0.043579210573316665,0.4483790523690773
0.043579210573316665,0.4488778054862843
0.04365065190212538,0.4488778054862843
0.04365065190212538,0.4498753117206983
0.04368637256652974,0.4498753117206983
0.04368637256652974,0.4513715710723192
0.04382925522414717,0.4513715710723192
0.04382925522414717,0.45236907730673315
0.044043579210573315,0.45236907730673315
0.044043579210573315,0.4538653366583541
0.04415074120378639,0.4538653366583541
0.04415074120378639,0.45536159600997506
0.044222182532595106,0.45536159600997506
0.044222182532595106,0.45586034912718204
0.04429362386140382,0.45586034912718204
0.04429362386140382,0.456359102244389
0.044543668512234326,0.456359102244389
0.044543668512234326,0.456857855361596
0.044722271834256117,0.456857855361596
0.044722271834256117,0.457356608478803
0.04479371316306483,0.457356608478803
0.04479371316306483,0.45785536159601
0.04490087515627791,0.45785536159601
0.04490087515627791,0.45835411471321696
0.04515091980710841,0.45835411471321696
0.04515091980710841,0.45885286783042395
0.04522236113591713,0.45885286783042395
0.04522236113591713,0.4598503740648379
0.04525808180032149,0.4598503740648379
0.04525808180032149,0.4608478802992519
0.0453295231291302,0.4608478802992519
0.0453295231291302,0.4613466334164589
0.04540096445793892,0.4613466334164589
0.04540096445793892,0.46184538653366586
0.04554384711555635,0.46184538653366586
0.04554384711555635,0.4628428927680798
0.04557956777996071,0.4628428927680798
0.04557956777996071,0.46334164588528676
0.04572245043757814,0.46384039900249374
0.046151098410430434,0.46384039900249374
0.046151098410430434,0.4648379052369077
0.04636542239685658,0.4648379052369077
0.04636542239685658,0.4653366583541147
0.0464368637256653,0.4653366583541147
0.0464368637256653,0.4658354114713217
0.046508305054474015,0.4658354114713217
0.046508305054474015,0.46633416458852867
0.04657974638328273,0.46633416458852867
0.046794070369708875,0.46683291770573565
0.046829791034113236,0.46683291770573565
0.046829791034113236,0.4683291770573566
0.04686551169851759,0.4683291770573566
0.04693695302732631,0.4693266832917706
0.047115556349348095,0.4693266832917706
0.04718699767815682,0.4693266832917706
0.047329880335774246,0.4693266832917706
0.047329880335774246,0.46982543640897756
0.04743704232898732,0.46982543640897756
0.04750848365779604,0.46982543640897756
0.04768708697981783,0.46982543640897756
0.04768708697981783,0.47032418952618454
0.04775852830862654,0.47032418952618454
0.04775852830862654,0.4713216957605985
0.04782996963743526,0.4713216957605985
0.04782996963743526,0.4718204488778055
0.04786569030183961,0.4718204488778055
0.04790141096624397,0.4723192019950125
0.04800857295945705,0.4723192019950125
0.0480442936238614,0.47281795511221947
0.0480442936238614,0.47331670822942645
0.04808001428826576,0.47331670822942645
0.04811573495267012,0.47381546134663344
0.04815145561707448,0.47381546134663344
0.04825861761028755,0.47381546134663344
0.04829433827469191,0.47381546134663344
0.04829433827469191,0.4743142144638404
0.048437220932309344,0.4743142144638404
0.048437220932309344,0.47531172069825434
0.0484729415967137,0.47531172069825434
0.0484729415967137,0.4763092269326683
0.04850866226111806,0.4763092269326683
0.04850866226111806,0.4768079800498753
0.048758706911948564,0.4768079800498753
0.048758706911948564,0.4773067331670823
0.04879442757635292,0.4773067331670823
0.04879442757635292,0.47780548628428926
0.04900875156277907,0.47780548628428926
0.04900875156277907,0.47830423940149625
0.04929451687801393,0.47830423940149625
0.04929451687801393,0.47880299251870323
0.04933023754241829,0.47880299251870323
0.04933023754241829,0.4802992518703242
0.04947312020003572,0.4802992518703242
0.04950884086444008,0.48079800498753117
0.049544561528844434,0.48079800498753117
0.049544561528844434,0.48129675810473815
0.04961600285765315,0.48129675810473815
0.04968744418646187,0.48129675810473815
0.04968744418646187,0.48179551122194514
0.049758885515270586,0.48179551122194514
0.049866047508483655,0.48179551122194514
0.049866047508483655,0.4827930174563591
0.04997320950169673,0.4827930174563591
0.04997320950169673,0.4832917705735661
0.05000893016610109,0.4832917705735661
0.050080371494909806,0.4832917705735661
0.05015181282371852,0.4832917705735661
0.05015181282371852,0.4837905236907731
0.05018753348812288,0.4837905236907731
0.05018753348812288,0.48428927680798006
0.050223254152527236,0.48428927680798006
0.050223254152527236,0.48478802992518705
0.05043757813895339,0.48478802992518705
0.05043757813895339,0.48528678304239403
0.05058046079657082,0.48528678304239403
0.05058046079657082,0.485785536159601
0.05061618146097517,0.485785536159601
0.05061618146097517,0.486284289276808
0.05075906411859261,0.486284289276808
0.05075906411859261,0.486783042394015
0.05100910876942311,0.486783042394015
0.05100910876942311,0.4877805486284289
0.05115199142704054,0.4877805486284289
0.05115199142704054,0.48927680798004985
0.05147347740667976,0.48927680798004985
0.05147347740667976,0.48977556109725684
0.051509198071084124,0.48977556109725684
0.051509198071084124,0.4902743142144638
0.05154491873548848,0.4902743142144638
0.05154491873548848,0.4912718204488778
0.05161636006429719,0.4912718204488778
0.05161636006429719,0.4917705735660848
0.05179496338631898,0.4917705735660848
0.05179496338631898,0.49226932668329176
0.05204500803714949,0.49226932668329176
0.05204500803714949,0.49326683291770573
0.0521164493659582,0.49326683291770573
0.0521164493659582,0.4937655860349127
0.05225933202357564,0.4937655860349127
0.05225933202357564,0.4942643391521197
0.05240221468119307,0.4942643391521197
0.05240221468119307,0.4947630922693267
0.052509376674406145,0.4947630922693267
0.052509376674406145,0.4952618453865337
0.052795141989641005,0.4952618453865337
0.052795141989641005,0.49576059850374066
0.05293802464725844,0.49576059850374066
0.05293802464725844,0.49625935162094764
0.053009465976067156,0.49625935162094764
0.053009465976067156,0.4972568578553616
0.05308090730487587,0.4972568578553616
0.05308090730487587,0.4977556109725686
0.0532237899624933,0.4977556109725686
0.0532237899624933,0.4982543640897756
0.05333095195570638,0.4982543640897756
0.05333095195570638,0.49875311720698257
0.05340239328451509,0.49875311720698257
0.05340239328451509,0.5002493765586035
0.05343811394891945,0.5002493765586035
0.05343811394891945,0.5007481296758105
0.053473834613323806,0.5007481296758105
0.053473834613323806,0.5012468827930174
0.05354527594213252,0.5012468827930174
0.05354527594213252,0.5017456359102245
0.05361671727094124,0.5017456359102245
0.05361671727094124,0.5022443890274314
0.0536524379353456,0.5022443890274314
0.0536524379353456,0.5027431421446384
0.05368815859974996,0.5027431421446384
0.05368815859974996,0.5032418952618454
0.05372387926415431,0.5032418952618454
0.05372387926415431,0.5037406483790524
0.054116806572602254,0.5037406483790524
0.054116806572602254,0.5042394014962593
0.05422396856581532,0.5042394014962593
0.05422396856581532,0.5047381546134664
0.05429540989462404,0.5047381546134664
0.05429540989462404,0.5052369077306733
0.0543311305590284,0.5052369077306733
0.05440257188783711,0.5057356608478804
0.054581175209858904,0.5057356608478804
0.054581175209858904,0.5062344139650873
0.05472405786747633,0.5062344139650873
0.05472405786747633,0.5067331670822942
0.054902661189498124,0.5067331670822942
0.054902661189498124,0.5072319201995013
0.054938381853902485,0.5072319201995013
0.054938381853902485,0.5077306733167082
0.05518842650473299,0.5077306733167082
0.05518842650473299,0.5082294264339152
0.055224147169137344,0.5082294264339152
0.055224147169137344,0.5092269326683292
0.05533130916235042,0.5092269326683292
0.05533130916235042,0.5102244389027432
0.05536702982675478,0.5102244389027432
0.05536702982675478,0.5107231920199501
0.055438471155563496,0.5107231920199501
0.055438471155563496,0.5112219451371571
0.055617074477585286,0.5122194513715711
0.05565279514198964,0.5122194513715711
0.05565279514198964,0.5132169576059851
0.055688515806394,0.5132169576059851
0.055688515806394,0.513715710723192
0.055724236470798355,0.513715710723192
0.055724236470798355,0.514214463840399
0.055759957135202716,0.514214463840399
0.055759957135202716,0.514713216957606
0.05586711912841579,0.514713216957606
0.05586711912841579,0.515211970074813
0.056081443114841936,0.515211970074813
0.056081443114841936,0.5157107231920199
0.05618860510805501,0.5157107231920199
0.05618860510805501,0.5167082294264339
0.056224325772459366,0.5167082294264339
0.056224325772459366,0.517206982543641
0.05629576710126808,0.517206982543641
0.05629576710126808,0.5177057356608479
0.05672441507412038,0.5177057356608479
0.05672441507412038,0.5187032418952618
0.05686729773173781,0.5187032418952618
0.05686729773173781,0.5192019950124688
0.05693873906054653,0.5192019950124688
0.05693873906054653,0.5197007481296758
0.05708162171816396,0.5197007481296758
0.05708162171816396,0.5206982543640898
0.05711734238256832,0.5206982543640898
0.05711734238256832,0.5211970074812967
0.05726022504018575,0.5211970074812967
0.05726022504018575,0.5216957605985038
0.057653152348633684,0.5216957605985038
0.057653152348633684,0.5226932668329177
0.05776031434184676,0.5226932668329177
0.05776031434184676,0.5236907730673317
0.05804607965708162,0.5236907730673317
0.05804607965708162,0.5241895261845386
0.05808180032148598,0.5241895261845386
0.05808180032148598,0.5246882793017457
0.058367565636720846,0.5246882793017457
0.058367565636720846,0.5251870324189526
0.0584032863011252,0.5251870324189526
0.0584032863011252,0.5256857855361596
0.058510448294338276,0.5256857855361596
0.058510448294338276,0.5261845386533666
0.05886765493838186,0.5261845386533666
0.05886765493838186,0.5266832917705736
0.059296302911234146,0.5266832917705736
0.059296302911234146,0.5271820448877805
0.05936774424004287,0.5271820448877805
0.05936774424004287,0.5281795511221945
0.05990355420610823,0.5281795511221945
0.05990355420610823,0.5286783042394015
0.06008215752813002,0.5286783042394015
0.06008215752813002,0.5291770573566085
0.06015359885693874,0.5291770573566085
0.06015359885693874,0.5296758104738155
0.06022504018574745,0.5301745635910224
0.06022504018574745,0.5306733167082295
0.06033220217896053,0.5306733167082295
0.06033220217896053,0.5311720698254364
0.060439364172173604,0.5311720698254364
0.060439364172173604,0.5316708229426433
0.06054652616538667,0.5316708229426433
0.06054652616538667,0.5321695760598504
0.061046615467047684,0.5321695760598504
0.061046615467047684,0.5326683291770573
0.061260939453473835,0.5326683291770573
0.061260939453473835,0.5331670822942643
0.06147526343989998,0.5331670822942643
0.06147526343989998,0.5346633416458852
0.061761028755134846,0.5346633416458852
0.061761028755134846,0.5351620947630923
0.0617967494195392,0.5351620947630923
0.0617967494195392,0.5356608478802992
0.062082514734774066,0.5356608478802992
0.062082514734774066,0.5361596009975063
0.06229683872120021,0.5361596009975063
0.06229683872120021,0.5371571072319202
0.06236828005000893,0.5371571072319202
0.06236828005000893,0.5376558603491272
0.06254688337203072,0.5376558603491272
0.06254688337203072,0.5381546134663342
0.06268976602964815,0.5381546134663342
0.06268976602964815,0.5386533665835411
0.06283264868726558,0.5386533665835411
0.06283264868726558,0.5401496259351621
0.06293981068047866,0.5401496259351621
0.06293981068047866,0.5411471321695761
0.06297553134488301,0.5411471321695761
0.06297553134488301,0.541645885286783
0.06301125200928737,0.541645885286783
0.06301125200928737,0.5421446384039901
0.06304697267369173,0.5421446384039901
0.06304697267369173,0.543142144638404
0.06311841400250044,0.543142144638404
0.06311841400250044,0.543640897755611
0.06315413466690481,0.543640897755611
0.06315413466690481,0.5441396508728179
0.06336845865333095,0.5441396508728179
0.06336845865333095,0.5446384039900249
0.06343989998213967,0.5446384039900249
0.06343989998213967,0.5451371571072319
0.06376138596177888,0.5451371571072319
0.06376138596177888,0.5461346633416458
0.0638328272905876,0.5461346633416458
0.0638328272905876,0.5466334164588529
0.06386854795499196,0.5466334164588529
0.06393998928380068,0.5466334164588529
0.06404715127701376,0.5466334164588529
0.06404715127701376,0.5471321695760598
0.06436863725665297,0.5471321695760598
0.06436863725665297,0.5486284289276808
0.06440435792105734,0.5486284289276808
0.06440435792105734,0.5491271820448878
0.06461868190748347,0.5491271820448878
0.06461868190748347,0.5496259351620948
0.0646901232362922,0.5496259351620948
0.0646901232362922,0.5511221945137157
0.06497588855152706,0.5511221945137157
0.06497588855152706,0.5516209476309227
0.06501160921593141,0.5516209476309227
0.06501160921593141,0.5521197007481297
0.06558313984640114,0.5521197007481297
0.06558313984640114,0.5531172069825436
0.06576174316842293,0.5531172069825436
0.06576174316842293,0.5541147132169576
0.06601178781925343,0.5541147132169576
0.06601178781925343,0.5551122194513716
0.06619039114127523,0.5551122194513716
0.06619039114127523,0.5556109725685785
0.06647615645651009,0.5556109725685785
0.06647615645651009,0.5561097256857855
0.06661903911412752,0.5561097256857855
0.06661903911412752,0.5571072319201995
0.06683336310055367,0.5571072319201995
0.06683336310055367,0.5576059850374064
0.06733345240221468,0.5576059850374064
0.06733345240221468,0.5581047381546135
0.06744061439542776,0.5581047381546135
0.06744061439542776,0.5596009975062344
0.06758349705304519,0.5596009975062344
0.06758349705304519,0.5600997506234414
0.06761921771744954,0.5600997506234414
0.06761921771744954,0.5605985037406483
0.06840507233434542,0.5605985037406483
0.06840507233434542,0.5610972568578554
0.06883372030719771,0.5610972568578554
0.06883372030719771,0.5625935162094763
0.06947669226647615,0.5625935162094763
0.06947669226647615,0.5630922693266833
0.06951241293088052,0.5630922693266833
0.06951241293088052,0.5645885286783042
0.06954813359528488,0.5645885286783042
0.06954813359528488,0.5650872817955113
0.0696910162529023,0.5650872817955113
0.0696910162529023,0.5655860349127182
0.06997678156813716,0.5655860349127182
0.06997678156813716,0.5675810473815461
0.07015538489015896,0.5675810473815461
0.07015538489015896,0.5680798004987531
0.07033398821218075,0.5680798004987531
0.07033398821218075,0.5685785536159601
0.07058403286301125,0.5685785536159601
0.07058403286301125,0.569077306733167
0.07072691552062868,0.569077306733167
0.07072691552062868,0.5695760598503741
0.07076263618503305,0.5695760598503741
0.07076263618503305,0.570573566084788
0.07094123950705483,0.570573566084788
0.07094123950705483,0.571072319201995
0.07122700482228969,0.571072319201995
0.07122700482228969,0.571571072319202
0.07151277013752456,0.571571072319202
0.07151277013752456,0.5720698254364089
0.07161993213073763,0.5720698254364089
0.07161993213073763,0.572568578553616
0.07194141811037685,0.572568578553616
0.07194141811037685,0.5730673316708229
0.07254866940525094,0.5730673316708229
0.07254866940525094,0.5740648379052369
0.07290587604929452,0.5740648379052369
0.07290587604929452,0.5745635910224439
0.07333452402214681,0.5745635910224439
0.07333452402214681,0.5750623441396508
0.07354884800857296,0.5750623441396508
0.07354884800857296,0.5755610972568579
0.07358456867297732,0.5755610972568579
0.07358456867297732,0.5760598503740648
0.07365601000178604,0.5760598503740648
0.07365601000178604,0.5765586034912719
0.0739417753170209,0.5765586034912719
0.07412037863904268,0.5765586034912719
0.07415609930344705,0.5765586034912719
0.07415609930344705,0.5770573566084788
0.07458474727629934,0.5770573566084788
0.07458474727629934,0.5775561097256858
0.0752991605643865,0.5775561097256858
0.0752991605643865,0.5780548628428928
0.07537060189319521,0.5780548628428928
0.07537060189319521,0.5785536159600998
0.07562064654402571,0.5785536159600998
0.07562064654402571,0.5790523690773067
0.07701375245579568,0.5790523690773067
0.07701375245579568,0.5795511221945138
0.07726379710662619,0.5795511221945138
0.07726379710662619,0.5800498753117207
0.07804965172352206,0.5800498753117207
0.07804965172352206,0.5805486284289276
0.07815681371673514,0.5805486284289276
0.07815681371673514,0.5810473815461347
0.07851402036077872,0.5810473815461347
0.07851402036077872,0.5815461346633416
0.07854974102518307,0.5815461346633416
0.07854974102518307,0.5820448877805486
0.07858546168958742,0.5820448877805486
0.07858546168958742,0.5825436408977556
0.07865690301839615,0.5825436408977556
0.07883550634041793,0.5825436408977556
0.07883550634041793,0.5835411471321695
0.07897838899803536,0.5835411471321695
0.07897838899803536,0.5840399002493766
0.07904983032684408,0.5840399002493766
0.07904983032684408,0.5845386533665835
0.0793713163064833,0.5845386533665835
0.0793713163064833,0.5850374064837905
0.07954991962850509,0.5850374064837905
0.07954991962850509,0.5855361596009975
0.07965708162171817,0.5855361596009975
0.07965708162171817,0.5860349127182045
0.07969280228612252,0.5860349127182045
0.07969280228612252,0.5865336658354114
0.0798714056081443,0.5865336658354114
0.0798714056081443,0.5870324189526185
0.08001428826576175,0.5870324189526185
0.08001428826576175,0.5880299251870325
0.08033577424540096,0.5880299251870325
0.08033577424540096,0.5890274314214464
0.08087158421146633,0.5890274314214464
0.08087158421146633,0.5895261845386534
0.0809787462046794,0.5895261845386534
0.0809787462046794,0.5900249376558604
0.08130023218431863,0.5900249376558604
0.08130023218431863,0.5905236907730673
0.08137167351312734,0.5905236907730673
0.08137167351312734,0.5910224438902744
0.08169315949276656,0.5910224438902744
0.08169315949276656,0.5915211970074813
0.08205036613681015,0.5915211970074813
0.08205036613681015,0.5925187032418953
0.08240757278085373,0.5925187032418953
0.08240757278085373,0.5930174563591022
0.08258617610287551,0.5930174563591022
0.08258617610287551,0.5935162094763092
0.08272905876049294,0.5935162094763092
0.08272905876049294,0.5940149625935162
0.08290766208251474,0.5940149625935162
0.08290766208251474,0.5945137157107232
0.08365779603500625,0.5945137157107232
0.08365779603500625,0.5950124688279301
0.08369351669941061,0.5950124688279301
0.08369351669941061,0.5955112219451372
0.08380067869262368,0.5955112219451372
0.08380067869262368,0.5960099750623441
0.08394356135024111,0.5960099750623441
0.08394356135024111,0.5970074812967581
0.08433648865868905,0.5970074812967581
0.08433648865868905,0.5975062344139651
0.08447937131630648,0.5975062344139651
0.08447937131630648,0.598004987531172
0.0848008572959457,0.598004987531172
0.0848008572959457,0.5985037406483791
0.08508662261118057,0.5985037406483791
0.08508662261118057,0.599002493765586
0.08551527058403287,0.599002493765586
0.08558671191284158,0.599002493765586
0.085729594570459,0.599002493765586
0.085729594570459,0.599501246882793
0.08587247722807644,0.599501246882793
0.08587247722807644,0.6
0.08597963922128951,0.6
0.08597963922128951,0.600498753117207
0.08637256652973745,0.600498753117207
0.08637256652973745,0.600997506234414
0.08647972852295052,0.600997506234414
0.08647972852295052,0.601496259351621
0.08655116985175924,0.601496259351621
0.08655116985175924,0.6019950124688279
0.08697981782461153,0.6019950124688279
0.08697981782461153,0.602493765586035
0.08708697981782461,0.602493765586035
0.08708697981782461,0.6029925187032419
0.08740846579746384,0.6029925187032419
0.08740846579746384,0.6034912718204489
0.08747990712627254,0.6034912718204489
0.08747990712627254,0.6039900249376559
0.08765851044829434,0.6039900249376559
0.08765851044829434,0.6044887780548629
0.08772995177710305,0.6044887780548629
0.08772995177710305,0.6054862842892768
0.08776567244150742,0.6054862842892768
0.08776567244150742,0.6059850374064838
0.08815859974995535,0.6059850374064838
0.08815859974995535,0.6064837905236907
0.08840864440078586,0.6064837905236907
0.08840864440078586,0.6069825436408978
0.08848008572959457,0.6069825436408978
0.08848008572959457,0.6074812967581047
0.08858724772280764,0.6074812967581047
0.08858724772280764,0.6079800498753117
0.08869440971602072,0.6079800498753117
0.08869440971602072,0.6089775561097257
0.08880157170923379,0.6089775561097257
0.08880157170923379,0.6094763092269326
0.08901589569565994,0.6094763092269326
0.08901589569565994,0.6104738154613466
0.0890516163600643,0.6104738154613466
0.0890516163600643,0.6114713216957606
0.08926594034649045,0.6114713216957606
0.08926594034649045,0.6124688279301745
0.08933738167529916,0.6124688279301745
0.08933738167529916,0.6129675810473816
0.08958742632612966,0.6129675810473816
0.08958742632612966,0.6134663341645885
0.08969458831934274,0.6134663341645885
0.08969458831934274,0.6139650872817956
0.09044472227183425,0.6139650872817956
0.09044472227183425,0.6144638403990025
0.09048044293623861,0.6144638403990025
0.09048044293623861,0.6149625935162095
0.09051616360064298,0.6149625935162095
0.09051616360064298,0.6154613466334165
0.09058760492945168,0.6154613466334165
0.09058760492945168,0.6159600997506235
0.0906590462582604,0.6159600997506235
0.0906590462582604,0.6164588528678304
0.09094481157349527,0.6164588528678304
0.09094481157349527,0.6169576059850375
0.09115913555992142,0.6169576059850375
0.09115913555992142,0.6174563591022444
0.09130201821753885,0.6174563591022444
0.0913377388819432,0.6184538653366584
0.09144490087515628,0.6184538653366584
0.09144490087515628,0.6189526184538653
0.09162350419717807,0.6189526184538653
0.09162350419717807,0.6194513715710723
0.09187354884800858,0.6194513715710723
0.09190926951241293,0.6204488778054863
0.09240935881407394,0.6204488778054863
0.09240935881407394,0.6209476309226932
0.09251652080728702,0.6209476309226932
0.09251652080728702,0.6219451371571072
0.0926236828005001,0.6219451371571072
0.09265940346490445,0.6224438902743142
0.09280228612252188,0.6224438902743142
0.09280228612252188,0.6229426433915212
0.09298088944454366,0.6229426433915212
0.09308805143775674,0.6229426433915212
0.09308805143775674,0.6234413965087282
0.0931237721021611,0.6234413965087282
0.0931237721021611,0.6239401496259351
0.09315949276656546,0.6239401496259351
0.09315949276656546,0.6249376558603491
0.09344525808180032,0.6249376558603491
0.09344525808180032,0.6254364089775561
0.0938024647258439,0.6254364089775561
0.09383818539024825,0.6259351620947631
0.09394534738346133,0.6259351620947631
0.09394534738346133,0.6264339152119701
0.09401678871227005,0.6264339152119701
0.09401678871227005,0.626932668329177
0.09430255402750491,0.626932668329177
0.09437399535631363,0.626932668329177
0.09440971602071799,0.626932668329177
0.09440971602071799,0.627930174563591
0.09458831934273977,0.627930174563591
0.09458831934273977,0.628428927680798
0.09494552598678335,0.628428927680798
0.09505268797999643,0.628428927680798
0.0951598499732095,0.628428927680798
0.0951598499732095,0.628927680798005
0.09555277728165744,0.628927680798005
0.09555277728165744,0.629426433915212
0.0958385425968923,0.629426433915212
0.0958385425968923,0.629925187032419
0.09623146990534023,0.629925187032419
0.09623146990534023,0.6304239401496259
0.09637435256295768,0.6304239401496259
0.09637435256295768,0.6309226932668329
0.09655295588497946,0.6309226932668329
0.09655295588497946,0.6314214463840399
0.09698160385783175,0.6314214463840399
0.09698160385783175,0.6319201995012469
0.09708876585104483,0.6319201995012469
0.09708876585104483,0.6324189526184538
0.09730308983747098,0.6324189526184538
0.09730308983747098,0.6329177057356609
0.09751741382389713,0.6329177057356609
0.09751741382389713,0.6334164588528678
0.09798178246115377,0.6334164588528678
0.09798178246115377,0.6339152119700748
0.09848187176281478,0.6339152119700748
0.0985533130916235,0.6344139650872818
0.09866047508483658,0.6344139650872818
0.09866047508483658,0.6349127182044888
0.09869619574924093,0.6349127182044888
0.09869619574924093,0.6354114713216957
0.09873191641364529,0.6354114713216957
0.09873191641364529,0.6359102244389028
0.09887479907126273,0.6359102244389028
0.09887479907126273,0.6374064837905237
0.0996606536881586,0.6374064837905237
0.0996606536881586,0.6379052369077307
0.10019646365422397,0.6379052369077307
0.10019646365422397,0.6384039900249376
0.10044650830505447,0.6384039900249376
0.10044650830505447,0.6389027431421447
0.10069655295588498,0.6389027431421447
0.10069655295588498,0.6394014962593516
0.1007679942846937,0.6394014962593516
0.1008394356135024,0.6394014962593516
0.1008394356135024,0.6403990024937656
0.1010180389355242,0.6403990024937656
0.1010180389355242,0.6408977556109726
0.10108948026433291,0.6408977556109726
0.10108948026433291,0.6413965087281795
0.10151812823718522,0.6413965087281795
0.10151812823718522,0.6418952618453866
0.10155384890158957,0.6418952618453866
0.10155384890158957,0.6423940149625935
0.10201821753884623,0.6423940149625935
0.10201821753884623,0.6428927680798004
0.10226826218967673,0.6428927680798004
0.10226826218967673,0.6433915211970075
0.10298267547776388,0.6433915211970075
0.10298267547776388,0.6438902743142144
0.10308983747097696,0.6438902743142144
0.10308983747097696,0.6443890274314215
0.10341132345061618,0.6443890274314215
0.10341132345061618,0.6448877805486284
0.10348276477942489,0.6448877805486284
0.10348276477942489,0.6453865336658354
0.10444722271834256,0.6453865336658354
0.10444722271834256,0.6458852867830424
0.10462582604036436,0.6458852867830424
0.10462582604036436,0.6473815461346634
0.10466154670476871,0.6473815461346634
0.10466154670476871,0.6478802992518703
0.10530451866404715,0.6478802992518703
0.10530451866404715,0.6483790523690773
0.10580460796570816,0.6483790523690773
0.10580460796570816,0.6488778054862843
0.10584032863011252,0.6488778054862843
0.10584032863011252,0.6493765586034913
0.10609037328094302,0.6493765586034913
0.10609037328094302,0.6498753117206982
0.1061975352741561,0.6498753117206982
0.1061975352741561,0.6503740648379053
0.10623325593856046,0.6503740648379053
0.10623325593856046,0.6508728179551122
0.10651902125379532,0.6508728179551122
0.10651902125379532,0.6513715710723192
0.10726915520628684,0.6513715710723192
0.10726915520628684,0.6523690773067332
0.10791212716556528,0.6523690773067332
0.10791212716556528,0.6528678304239401
0.10823361314520451,0.6528678304239401
0.10823361314520451,0.6533665835411472
0.10844793713163065,0.6533665835411472
0.10844793713163065,0.6538653366583541
0.10859081978924807,0.6538653366583541
0.10859081978924807,0.654364089775561
0.10905518842650473,0.654364089775561
0.10905518842650473,0.6548628428927681
0.10912662975531345,0.6548628428927681
0.10912662975531345,0.655361596009975
0.10916235041971781,0.655361596009975
0.10916235041971781,0.655860349127182
0.10919807108412216,0.655860349127182
0.10919807108412216,0.656359102244389
0.10926951241293088,0.656359102244389
0.10926951241293088,0.657356608478803
0.10944811573495267,0.657356608478803
0.10944811573495267,0.65785536159601
0.10955527772816574,0.65785536159601
0.10955527772816574,0.6583541147132169
0.1095909983925701,0.6583541147132169
0.1095909983925701,0.658852867830424
0.10994820503661368,0.658852867830424
0.10994820503661368,0.6593516209476309
0.11034113234506161,0.6593516209476309
0.11034113234506161,0.6598503740648379
0.1111269869619575,0.6598503740648379
0.1111269869619575,0.6603491271820449
0.11116270762636185,0.6603491271820449
0.11116270762636185,0.6613466334164588
0.11159135559921414,0.6613466334164588
0.11159135559921414,0.6618453865336659
0.11187712091444901,0.6618453865336659
0.11187712091444901,0.6628428927680798
0.11191284157885337,0.6628428927680798
0.11202000357206644,0.6628428927680798
0.11262725486694053,0.6628428927680798
0.11262725486694053,0.6633416458852868
0.1127344168601536,0.6633416458852868
0.1127344168601536,0.6638403990024938
0.11280585818896231,0.6638403990024938
0.11287729951777103,0.6638403990024938
0.11352027147704948,0.6638403990024938
0.11352027147704948,0.6643391521197007
0.11377031612787998,0.6643391521197007
0.11377031612787998,0.6648379052369078
0.11384175745668869,0.6648379052369078
0.11384175745668869,0.6663341645885287
0.11391319878549741,0.6663341645885287
0.11391319878549741,0.6668329177057356
0.11402036077871049,0.6668329177057356
0.11402036077871049,0.6673316708229426
0.11416324343632792,0.6673316708229426
0.11416324343632792,0.6678304239401496
0.11437756742275407,0.6678304239401496
0.11437756742275407,0.6683291770573566
0.11455617074477585,0.6683291770573566
0.11455617074477585,0.6688279301745635
0.11502053938203251,0.6688279301745635
0.11502053938203251,0.6693266832917706
0.11505626004643686,0.6693266832917706
0.11505626004643686,0.6698254364089775
0.11516342203964994,0.6698254364089775
0.11516342203964994,0.6708229426433915
0.11555634934809787,0.6708229426433915
0.11555634934809787,0.6713216957605985
0.11584211466333273,0.6713216957605985
0.11584211466333273,0.6718204488778055
0.11623504197178068,0.6718204488778055
0.11623504197178068,0.6728179551122194
0.11648508662261119,0.6728179551122194
0.11648508662261119,0.6733167082294265
0.11662796928022862,0.6733167082294265
0.11666368994463297,0.6743142144638404
0.1169851759242722,0.6743142144638404
0.1169851759242722,0.6748129675810474
0.11702089658867655,0.6748129675810474
0.11702089658867655,0.6753117206982544
0.11730666190391141,0.6753117206982544
0.11730666190391141,0.6758104738154613
0.11734238256831576,0.6758104738154613
0.11734238256831576,0.6763092269326684
0.11805679585640293,0.6763092269326684
0.11805679585640293,0.6773067331670823
0.11852116449365958,0.6773067331670823
0.11852116449365958,0.6778054862842893
0.11894981246651187,0.6778054862842893
0.11894981246651187,0.6783042394014963
0.1190212537953206,0.6783042394014963
0.1190212537953206,0.6788029925187032
0.11923557778174675,0.6788029925187032
0.11923557778174675,0.6793017456359102
0.12027147704947312,0.6793017456359102
0.12027147704947312,0.6798004987531172
0.12084300767994284,0.6798004987531172
0.12084300767994284,0.6802992518703241
0.12112877299517771,0.6802992518703241
0.12112877299517771,0.6807980049875312
0.12120021432398642,0.6807980049875312
0.12120021432398642,0.6812967581047381
0.12141453831041257,0.6812967581047381
0.12141453831041257,0.6817955112219451
0.1219860689408823,0.6817955112219451
0.1219860689408823,0.6822942643391521
0.12312913020182176,0.6822942643391521
0.12312913020182176,0.6827930174563591
0.12330773352384354,0.6827930174563591
0.12330773352384354,0.683291770573566
0.12341489551705662,0.683291770573566
0.12341489551705662,0.68428927680798
0.12355777817467405,0.68428927680798
0.12355777817467405,0.6847880299251871
0.12391498481871763,0.6847880299251871
0.12391498481871763,0.685286783042394
0.12427219146276121,0.685286783042394
0.12434363279156992,0.685286783042394
0.12473656010001787,0.685286783042394
0.12473656010001787,0.685785536159601
0.1250223254152527,0.685785536159601
0.1250223254152527,0.686284289276808
0.1253795320592963,0.686284289276808
0.1253795320592963,0.6872817955112219
0.1256295767101268,0.6872817955112219
0.12570101803893552,0.6872817955112219
0.12577245936774423,0.6872817955112219
0.12577245936774423,0.687780548628429
0.12655831398464013,0.687780548628429
0.12655831398464013,0.6887780548628429
0.12662975531344883,0.6887780548628429
0.12670119664225754,0.6887780548628429
0.12752277192355777,0.6887780548628429
0.12752277192355777,0.6892768079800499
0.12802286122521878,0.6892768079800499
0.12802286122521878,0.6897755610972569
0.12845150919807108,0.6897755610972569
0.12845150919807108,0.6902743142144638
0.13038042507590641,0.6902743142144638
0.13038042507590641,0.6907730673316709
0.13045186640471512,0.6907730673316709
0.13045186640471512,0.6922693266832918
0.13202357563850686,0.6922693266832918
0.13202357563850686,0.6927680798004987
0.13263082693338096,0.6927680798004987
0.13263082693338096,0.6932668329177057
0.13391677085193784,0.6932668329177057
0.13398821218074655,0.6942643391521197
0.13398821218074655,0.6947630922693266
0.1342739774959814,0.6947630922693266
0.1342739774959814,0.6952618453865337
0.13459546347562065,0.6952618453865337
0.13459546347562065,0.6957605985037406
0.1348812287908555,0.6957605985037406
0.1348812287908555,0.6962593516209477
0.13509555277728166,0.6962593516209477
0.13509555277728166,0.6967581047381546
0.13555992141453832,0.6967581047381546
0.13555992141453832,0.6972568578553616
0.13559564207894267,0.6972568578553616
0.13559564207894267,0.6977556109725686
0.13688158599749956,0.6977556109725686
0.13688158599749956,0.6982543640897756
0.13706018931952135,0.6982543640897756
0.13706018931952135,0.6987531172069825
0.1370959099839257,0.6987531172069825
0.1370959099839257,0.6992518703241896
0.13720307197713877,0.6992518703241896
0.13731023397035186,0.6992518703241896
0.13809608858724773,0.6992518703241896
0.13809608858724773,0.6997506234413965
0.13813180925165208,0.6997506234413965
0.13813180925165208,0.7002493765586035
0.13827469190926953,0.7002493765586035
0.13827469190926953,0.7007481296758105
0.13841757456688694,0.7007481296758105
0.13841757456688694,0.7012468827930175
0.13848901589569565,0.7012468827930175
0.13856045722450439,0.7012468827930175
0.13866761921771745,0.7012468827930175
0.13866761921771745,0.7017456359102244
0.13923914984818717,0.7017456359102244
0.13923914984818717,0.7022443890274315
0.13927487051259155,0.7022443890274315
0.13927487051259155,0.7027431421446384
0.13977495981425256,0.7027431421446384
0.13977495981425256,0.7032418952618454
0.13995356313627433,0.7032418952618454
0.13995356313627433,0.7037406483790524
0.14002500446508306,0.7037406483790524
0.14002500446508306,0.7042394014962593
0.14009644579389177,0.7042394014962593
0.14009644579389177,0.7052369077306733
0.14038221110912663,0.7052369077306733
0.14038221110912663,0.7057356608478803
0.1408465797463833,0.7057356608478803
0.1408465797463833,0.7062344139650872
0.14102518306840509,0.7062344139650872
0.14102518306840509,0.7067331670822943
0.14120378639042686,0.7067331670822943
0.14120378639042686,0.7072319201995012
0.14138238971244865,0.7072319201995012
0.14138238971244865,0.7077306733167082
0.14156099303447045,0.7077306733167082
0.14156099303447045,0.7082294264339152
0.14263261296660118,0.7082294264339152
0.14263261296660118,0.7087281795511222
0.14277549562421862,0.7087281795511222
0.14277549562421862,0.7092269326683291
0.14302554027504913,0.7092269326683291
0.14302554027504913,0.7097256857855362
0.14327558492587963,0.7097256857855362
0.14327558492587963,0.7102244389027431
0.1433827469190927,0.7102244389027431
0.1433827469190927,0.7107231920199502
0.14359707090551885,0.7107231920199502
0.14359707090551885,0.7112219451371571
0.1437042328987319,0.7112219451371571
0.1437042328987319,0.7117206982543641
0.14420432220039292,0.7117206982543641
0.14420432220039292,0.712219451371571
0.14424004286479727,0.712219451371571
0.14424004286479727,0.7127182044887781
0.14484729415967137,0.7127182044887781
0.14484729415967137,0.713216957605985
0.14527594213252368,0.713216957605985
0.14527594213252368,0.7137157107231921
0.1455974281121629,0.7137157107231921
0.1455974281121629,0.714214463840399
0.14570459010537595,0.714214463840399
0.14570459010537595,0.714713216957606
0.14581175209858904,0.714713216957606
0.14581175209858904,0.715211970074813
0.14606179674941955,0.715211970074813
0.14606179674941955,0.71571072319202
0.14656188605108056,0.71571072319202
0.14656188605108056,0.7162094763092269
0.14749062332559384,0.7162094763092269
0.14749062332559384,0.7167082294264339
0.14784782996963744,0.7167082294264339
0.14784782996963744,0.7172069825436409
0.14841936060010716,0.7172069825436409
0.14841936060010716,0.7177057356608478
0.14849080192891587,0.7177057356608478
0.14849080192891587,0.7182044887780549
0.14852652259332025,0.7182044887780549
0.14852652259332025,0.7187032418952618
0.14877656724415075,0.7187032418952618
0.14877656724415075,0.7192019950124688
0.14916949455259867,0.7192019950124688
0.14924093588140738,0.7192019950124688
0.14938381853902483,0.7192019950124688
0.14938381853902483,0.7197007481296758
0.15020539382032505,0.7197007481296758
0.15020539382032505,0.7206982543640897
0.1502411144847294,0.7206982543640897
0.1502411144847294,0.7211970074812968
0.15074120378639042,0.7211970074812968
0.15074120378639042,0.7216957605985037
0.1509198071084122,0.7216957605985037
0.1509198071084122,0.7221945137157108
0.15131273441686016,0.7221945137157108
0.15131273441686016,0.7226932668329177
0.1515270584032863,0.7226932668329177
0.1515270584032863,0.7231920199501247
0.15174138238971244,0.7231920199501247
0.15174138238971244,0.7236907730673316
0.15231291302018218,0.7236907730673316
0.15231291302018218,0.7241895261845387
0.15292016431505626,0.7241895261845387
0.15292016431505626,0.7246882793017456
0.15388462225397392,0.7246882793017456
0.15388462225397392,0.7251870324189527
0.15413466690480443,0.7251870324189527
0.15413466690480443,0.7256857855361596
0.15417038756920878,0.7256857855361596
0.15417038756920878,0.7261845386533666
0.15431327022682623,0.7261845386533666
0.15431327022682623,0.7266832917705736
0.15438471155563493,0.7266832917705736
0.15438471155563493,0.7276807980049875
0.15488480085729595,0.7276807980049875
0.15488480085729595,0.7281795511221946
0.15513484550812645,0.7281795511221946
0.15513484550812645,0.7286783042394015
0.15556349348097875,0.7286783042394015
0.15556349348097875,0.7291770573566084
0.15642078942668333,0.7291770573566084
0.15642078942668333,0.7296758104738155
0.15692087872834434,0.7296758104738155
0.15692087872834434,0.7301745635910224
0.1575638506876228,0.7301745635910224
0.1575638506876228,0.7306733167082294
0.15802821932487945,0.7306733167082294
0.15802821932487945,0.7311720698254364
0.15938560457224504,0.7311720698254364
0.15938560457224504,0.7316708229426434
0.16024290051794962,0.7316708229426434
0.16024290051794962,0.7321695760598503
0.16031434184675836,0.7321695760598503
0.16031434184675836,0.7326683291770574
0.16042150383997142,0.7326683291770574
0.16042150383997142,0.7331670822942643
0.1620646544025719,0.7331670822942643
0.1620646544025719,0.7336658354114713
0.1621360957313806,0.7336658354114713
0.1621360957313806,0.7341645885286783
0.1622075370601893,0.7341645885286783
0.1622075370601893,0.7346633416458853
0.16227897838899805,0.7346633416458853
0.16227897838899805,0.7351620947630922
0.1626361850330416,0.7351620947630922
0.1626361850330416,0.7356608478802993
0.16377924629398108,0.7356608478802993
0.16377924629398108,0.7361596009975062
0.16549383818539024,0.7361596009975062
0.16549383818539024,0.7366583541147133
0.16552955884979462,0.7366583541147133
0.16552955884979462,0.7371571072319202
0.16574388283622074,0.7371571072319202
0.16574388283622074,0.7376558603491272
0.16592248615824254,0.7376558603491272
0.16592248615824254,0.7381546134663342
0.16610108948026434,0.7381546134663342
0.16610108948026434,0.7386533665835412
0.166565458117521,0.7386533665835412
0.166565458117521,0.7396508728179552
0.16720843007679942,0.7396508728179552
0.16720843007679942,0.7401496259351621
0.16781568137167352,0.7401496259351621
0.16781568137167352,0.7406483790523691
0.16792284336488658,0.7406483790523691
0.16792284336488658,0.7411471321695761
0.1690301839614217,0.7411471321695761
0.1690301839614217,0.741645885286783
0.16945883193427397,0.741645885286783
0.16945883193427397,0.742643391521197
0.16992320057153062,0.742643391521197
0.16992320057153062,0.743142144638404
0.17003036256474371,0.743142144638404
0.17003036256474371,0.7436408977556109
0.1710662618324701,0.7436408977556109
0.1710662618324701,0.744139650872818
0.1712091444900875,0.744139650872818
0.1712091444900875,0.7446384039900249
0.1713877478121093,0.7446384039900249
0.1713877478121093,0.7451371571072319
0.17149490980532237,0.7451371571072319
0.17153063046972675,0.7456359102244389
0.17185211644936596,0.7456359102244389
0.17185211644936596,0.7461346633416459
0.17199499910698338,0.7461346633416459
0.17199499910698338,0.7466334164588528
0.17217360242900517,0.7466334164588528
0.17217360242900517,0.7471321695760599
0.17395963564922307,0.7471321695760599
0.17395963564922307,0.7481296758104738
0.1740310769780318,0.7481296758104738
0.1740310769780318,0.7486284289276808
0.17460260760850152,0.7486284289276808
0.17460260760850152,0.7491271820448878
0.17463832827290587,0.7491271820448878
0.17463832827290587,0.7501246882793018
0.17470976960171458,0.7501246882793018
0.17470976960171458,0.7506234413965087
0.1752098589033756,0.7506234413965087
0.1752098589033756,0.7511221945137158
0.1757099482050366,0.7511221945137158
0.1757099482050366,0.7516209476309227
0.1760671548490802,0.7516209476309227
0.1760671548490802,0.7526184538653367
0.17667440614395427,0.7526184538653367
0.17667440614395427,0.7531172069825436
0.17671012680835863,0.7531172069825436
0.17671012680835863,0.7536159600997506
0.17706733345240222,0.7536159600997506
0.17706733345240222,0.7541147132169576
0.17749598142525452,0.7541147132169576
0.17749598142525452,0.7546134663341646
0.1780317913913199,0.7546134663341646
0.1780317913913199,0.7551122194513715
0.1782818360421504,0.7551122194513715
0.1782818360421504,0.7556109725685786
0.17871048401500267,0.7556109725685786
0.17871048401500267,0.7561097256857855
0.17913913198785497,0.7561097256857855
0.17913913198785497,0.7566084788029925
0.17981782461153778,0.7566084788029925
0.17981782461153778,0.7571072319201995
0.180139310591177,0.7571072319201995
0.180139310591177,0.7576059850374065
0.1803179139131988,0.7576059850374065
0.1803179139131988,0.7581047381546134
0.18185390248258618,0.7581047381546134
0.18185390248258618,0.7591022443890274
0.18199678514020362,0.7591022443890274
0.18199678514020362,0.7596009975062344
0.18238971244865154,0.7596009975062344
0.18238971244865154,0.7600997506234414
0.18363993570280407,0.7600997506234414
0.18363993570280407,0.7605985037406484
0.18367565636720842,0.7605985037406484
0.18367565636720842,0.7610972568578553
0.18392570101803893,0.7610972568578553
0.18392570101803893,0.7615960099750624
0.18453295231291303,0.7615960099750624
0.18453295231291303,0.7625935162094764
0.18603322021789606,0.7625935162094764
0.18603322021789606,0.7630922693266833
0.18664047151277013,0.7630922693266833
0.18664047151277013,0.7635910224438903
0.18706911948562244,0.7635910224438903
0.18706911948562244,0.7640897755610973
0.18746204679407036,0.7640897755610973
0.18746204679407036,0.7645885286783043
0.18839078406858367,0.7645885286783043
0.18839078406858367,0.7650872817955112
0.18842650473298803,0.7650872817955112
0.18842650473298803,0.7655860349127181
0.18881943204143598,0.7655860349127181
0.18881943204143598,0.7660847880299252
0.18889087337024468,0.7660847880299252
0.18889087337024468,0.7665835411471321
0.18942668333631005,0.7665835411471321
0.18942668333631005,0.7670822942643392
0.18967672798714055,0.7670822942643392
0.18967672798714055,0.7675810473815461
0.1901410966243972,0.7675810473815461
0.1901410966243972,0.7680798004987531
0.1907483479192713,0.7680798004987531
0.1907483479192713,0.7685785536159601
0.19081978924808002,0.7685785536159601
0.19096267190569743,0.7685785536159601
0.19096267190569743,0.7690773067331671
0.1916056438649759,0.7690773067331671
0.1916056438649759,0.769576059850374
0.19189140918021075,0.769576059850374
0.19189140918021075,0.7700748129675811
0.1920342918378282,0.7700748129675811
0.1920342918378282,0.770573566084788
0.1921057331666369,0.770573566084788
0.1921057331666369,0.771072319201995
0.1924272191462761,0.771072319201995
0.1924272191462761,0.771571072319202
0.19267726379710662,0.771571072319202
0.19267726379710662,0.772069825436409
0.19271298446151097,0.772069825436409
0.19271298446151097,0.7725685785536159
0.19274870512591535,0.7725685785536159
0.19274870512591535,0.773067331670823
0.19374888372923738,0.773067331670823
0.19374888372923738,0.7735660847880299
0.19399892838006788,0.7735660847880299
0.19399892838006788,0.774064837905237
0.19528487229862476,0.774064837905237
0.19528487229862476,0.7745635910224439
0.1954991962850509,0.7745635910224439
0.1954991962850509,0.7750623441396509
0.19582068226469013,0.7750623441396509
0.19582068226469013,0.7755610972568578
0.19589212359349883,0.7755610972568578
0.19589212359349883,0.7760598503740649
0.19707090551884265,0.7760598503740649
0.19707090551884265,0.7765586034912718
0.19849973209501698,0.7765586034912718
0.19849973209501698,0.7770573566084789
0.1985711734238257,0.7770573566084789
0.1985711734238257,0.7775561097256858
0.20010716199321307,0.7775561097256858
0.20010716199321307,0.7780548628428927
0.20039292730844793,0.7780548628428927
0.20039292730844793,0.7785536159600998
0.20075013395249153,0.7785536159600998
0.20075013395249153,0.7790523690773067
0.20078585461689588,0.7790523690773067
0.20078585461689588,0.7795511221945137
0.2011787819253438,0.7795511221945137
0.2011787819253438,0.7800498753117207
0.2013573852473656,0.7800498753117207
0.2013573852473656,0.7805486284289277
0.20146454724057866,0.7805486284289277
0.2015359885693874,0.7805486284289277
0.2016074298981961,0.7805486284289277
0.2016074298981961,0.7810473815461346
0.2016788712270048,0.7810473815461346
0.2016788712270048,0.7815461346633417
0.2036435077692445,0.7815461346633417
0.2036435077692445,0.7820448877805486
0.20367922843364886,0.7820448877805486
0.20367922843364886,0.7825436408977556
0.20503661368101447,0.7825436408977556
0.20503661368101447,0.7835411471321696
0.20507233434541883,0.7835411471321696
0.20507233434541883,0.7840399002493765
0.2051794963386319,0.7840399002493765
0.2051794963386319,0.7845386533665836
0.20553670298267548,0.7845386533665836
0.20553670298267548,0.7850374064837905
0.20557242364707984,0.7850374064837905
0.20557242364707984,0.7855361596009975
0.20625111627076265,0.7855361596009975
0.20625111627076265,0.7860349127182045
0.20650116092159315,0.7860349127182045
0.20650116092159315,0.7865336658354115
0.2074656188605108,0.7865336658354115
0.2074656188605108,0.7870324189526184
0.20757278085372388,0.7870324189526184
0.20757278085372388,0.7875311720698255
0.20760850151812824,0.7875311720698255
0.20760850151812824,0.7880299251870324
0.20767994284693694,0.7880299251870324
0.20767994284693694,0.7890274314214464
0.2082514734774067,0.7890274314214464
0.2082514734774067,0.7895261845386534
0.2083229148062154,0.7895261845386534
0.2083229148062154,0.7900249376558603
0.2085729594570459,0.7900249376558603
0.2085729594570459,0.7905236907730673
0.20860868012145026,0.7905236907730673
0.20860868012145026,0.7910224438902743
0.20982318271119843,0.7910224438902743
0.20982318271119843,0.7915211970074812
0.21007322736202894,0.7915211970074812
0.21007322736202894,0.7920199501246883
0.210180389355242,0.7920199501246883
0.210180389355242,0.7925187032418952
0.21132345061618146,0.7925187032418952
0.21132345061618146,0.7930174563591023
0.21207358456867298,0.7930174563591023
0.21207358456867298,0.7935162094763092
0.21243079121271655,0.7935162094763092
0.21243079121271655,0.7940149625935162
0.2131452045008037,0.7940149625935162
0.2131452045008037,0.7945137157107232
0.21335952848722986,0.7945137157107232
0.21335952848722986,0.7950124688279302
0.21382389712448652,0.7950124688279302
0.21382389712448652,0.7955112219451371
0.21428826576174317,0.7955112219451371
0.21428826576174317,0.7960099750623442
0.2151812823718521,0.7960099750623442
0.2151812823718521,0.7965087281795511
0.21746740489373104,0.7965087281795511
0.21746740489373104,0.7970074812967581
0.21803893552420076,0.7970074812967581
0.21803893552420076,0.7975062344139651
0.21821753884622255,0.7975062344139651
0.21821753884622255,0.7980049875311721
0.2182532595106269,0.7980049875311721
0.2182532595106269,0.798503740648379
0.21853902482586177,0.798503740648379
0.21853902482586177,0.7990024937655861
0.21864618681907483,0.7990024937655861
0.21864618681907483,0.799501246882793
0.21896767279871407,0.799501246882793
0.21896767279871407,0.8
0.2196820860868012,0.8
0.2196820860868012,0.800498753117207
0.22025361671727095,0.800498753117207
0.22025361671727095,0.800997506234414
0.22032505804607966,0.800997506234414
0.22032505804607966,0.8014962593516209
0.22136095731380603,0.8014962593516209
0.22136095731380603,0.801995012468828
0.2225754599035542,0.801995012468828
0.2225754599035542,0.8024937655860349
0.22261118056795856,0.8024937655860349
0.22261118056795856,0.8029925187032418
0.22293266654759777,0.8029925187032418
0.2230041078764065,0.8029925187032418
0.22482586176102876,0.8029925187032418
0.22482586176102876,0.8034912718204489
0.22536167172709412,0.8034912718204489
0.22536167172709412,0.8039900249376558
0.22579031969994642,0.8039900249376558
0.22579031969994642,0.8044887780548629
0.22600464368637257,0.8044887780548629
0.22600464368637257,0.8049875311720698
0.2263261296660118,0.8049875311720698
0.2263261296660118,0.8054862842892768
0.22643329165922485,0.8054862842892768
0.22643329165922485,0.8059850374064838
0.22650473298803359,0.8059850374064838
0.22650473298803359,0.8069825436408977
0.22668333631005536,0.8069825436408977
0.22668333631005536,0.8074812967581048
0.22721914627612075,0.8074812967581048
0.22721914627612075,0.8079800498753117
0.2275049115913556,0.8079800498753117
0.2275049115913556,0.8084788029925187
0.22754063225575996,0.8084788029925187
0.22754063225575996,0.8089775561097257
0.22761207358456867,0.8089775561097257
0.22761207358456867,0.8094763092269327
0.22771923557778176,0.8094763092269327
0.22771923557778176,0.8099750623441396
0.22857653152348634,0.8099750623441396
0.22857653152348634,0.8104738154613467
0.22871941418110378,0.8104738154613467
0.22871941418110378,0.8114713216957606
0.22925522414716915,0.8114713216957606
0.22932666547597785,0.8114713216957606
0.2297195927844258,0.8114713216957606
0.2297195927844258,0.8119700748129676
0.23011252009287372,0.8119700748129676
0.23011252009287372,0.8124688279301746
0.23171994999106985,0.8124688279301746
0.23171994999106985,0.8129675810473815
0.23275584925879622,0.8129675810473815
0.23275584925879622,0.8134663341645886
0.2332916592248616,0.8134663341645886
0.2332916592248616,0.8139650872817955
0.23332737988926594,0.8139650872817955
0.23332737988926594,0.8149625935162095
0.23389891051973566,0.8149625935162095
0.23389891051973566,0.8154613466334164
0.23400607251294875,0.8154613466334164
0.23400607251294875,0.8159600997506234
0.2342918378281836,0.8159600997506234
0.2342918378281836,0.8164588528678304
0.23461332380782282,0.8164588528678304
0.23461332380782282,0.8169576059850374
0.23518485443829254,0.8169576059850374
0.23518485443829254,0.8174563591022443
0.23522057510269692,0.8174563591022443
0.23522057510269692,0.8179551122194514
0.23529201643150563,0.8179551122194514
0.23529201643150563,0.8184538653366583
0.2356492230755492,0.8184538653366583
0.2356492230755492,0.8189526184538654
0.2360064297195928,0.8189526184538654
0.2360778710484015,0.8189526184538654
0.2361493123772102,0.8189526184538654
0.2361493123772102,0.8194513715710723
0.23679228433648866,0.8194513715710723
0.23679228433648866,0.8199501246882793
0.2378639042686194,0.8199501246882793
0.2378639042686194,0.8204488778054863
0.23893552420075012,0.8204488778054863
0.23893552420075012,0.8209476309226933
0.2389712448651545,0.8209476309226933
0.2389712448651545,0.8214463840399002
0.2390426861939632,0.8214463840399002
0.23911412752277192,0.8214463840399002
0.23993570280407214,0.8214463840399002
0.23993570280407214,0.8219451371571073
0.24129308805143776,0.8219451371571073
0.24129308805143776,0.8224438902743142
0.24147169137345956,0.8224438902743142
0.24147169137345956,0.8229426433915212
0.24325772459367745,0.8229426433915212
0.24325772459367745,0.8234413965087282
0.24350776924450795,0.8234413965087282
0.24350776924450795,0.8239401496259352
0.24361493123772102,0.8239401496259352
0.24368637256652972,0.8239401496259352
0.24390069655295588,0.8239401496259352
0.24390069655295588,0.8244389027431421
0.24450794784782998,0.8244389027431421
0.24450794784782998,0.8249376558603492
0.24529380246472585,0.8249376558603492
0.24529380246472585,0.8254364089775561
0.24629398106804787,0.8254364089775561
0.24629398106804787,0.8259351620947631
0.24643686372566528,0.8259351620947631
0.24643686372566528,0.8264339152119701
0.24679407036970888,0.8264339152119701
0.24679407036970888,0.8269326683291771
0.24707983568494374,0.8269326683291771
0.24707983568494374,0.827431421446384
0.24750848365779604,0.827431421446384
0.24750848365779604,0.827930174563591
0.2476870869798178,0.827930174563591
0.2477942489730309,0.827930174563591
0.2482228969458832,0.827930174563591
0.2482228969458832,0.828428927680798
0.2482943382746919,0.828428927680798
0.2482943382746919,0.8289276807980049
0.24950884086444008,0.8289276807980049
0.24950884086444008,0.829426433915212
0.2508662261118057,0.829426433915212
0.2508662261118057,0.8299251870324189
0.2516878013931059,0.8299251870324189
0.2516878013931059,0.830423940149626
0.25275942132523666,0.830423940149626
0.25275942132523666,0.8314214463840399
0.2530451866404715,0.8314214463840399
0.2530451866404715,0.8319201995012468
0.2534023932845151,0.8319201995012468
0.2534738346133238,0.8319201995012468
0.25361671727094126,0.8319201995012468
0.25361671727094126,0.8324189526184539
0.2537238792641543,0.8324189526184539
0.2537238792641543,0.8329177057356608
0.2553313091623504,0.8329177057356608
0.2553313091623504,0.8334164588528679
0.2555813538131809,0.8334164588528679
0.2555813538131809,0.8339152119700748
0.255688515806394,0.8339152119700748
0.255688515806394,0.8344139650872818
0.2563672084300768,0.8344139650872818
0.2563672084300768,0.8349127182044888
0.25768887301303806,0.8349127182044888
0.25768887301303806,0.8354114713216958
0.26040364350776923,0.8354114713216958
0.26040364350776923,0.8359102244389027
0.26083229148062154,0.8359102244389027
0.26083229148062154,0.8364089775561098
0.26176102875513485,0.8364089775561098
0.26176102875513485,0.8369077306733167
0.26190391141275227,0.8369077306733167
0.26190391141275227,0.8374064837905237
0.2636542239685658,0.8374064837905237
0.2636542239685658,0.8379052369077307
0.2641543132702268,0.8379052369077307
0.2641543132702268,0.8384039900249377
0.26472584390069653,0.8384039900249377
0.26472584390069653,0.8389027431421446
0.26540453652437934,0.8389027431421446
0.26540453652437934,0.8394014962593517
0.26558313984640114,0.8394014962593517
0.26565458117520985,0.8394014962593517
0.26611894981246653,0.8394014962593517
0.26611894981246653,0.8399002493765586
0.2677978210394713,0.8399002493765586
0.2677978210394713,0.8403990024937655
0.2678335417038757,0.8403990024937655
0.2678335417038757,0.8408977556109726
0.2684765136631541,0.8408977556109726
0.2684765136631541,0.8413965087281795
0.2693338096088587,0.8413965087281795
0.2693338096088587,0.8418952618453865
0.26947669226647614,0.8418952618453865
0.26947669226647614,0.8423940149625935
0.27033398821218074,0.8423940149625935
0.27033398821218074,0.8428927680798005
0.2703697088765851,0.8428927680798005
0.2703697088765851,0.8438902743142145
0.27058403286301125,0.8438902743142145
0.27058403286301125,0.8443890274314214
0.27069119485622434,0.8443890274314214
0.27069119485622434,0.8453865336658354
0.27090551884265046,0.8453865336658354
0.27090551884265046,0.8458852867830424
0.2725129487408466,0.8458852867830424
0.2725129487408466,0.8463840399002494
0.2725843900696553,0.8463840399002494
0.2725843900696553,0.8468827930174564
0.2740846579746383,0.8468827930174564
0.2740846579746383,0.8473815461346633
0.2741203786390427,0.8473815461346633
0.2741203786390427,0.8478802992518704
0.27433470262546883,0.8478802992518704
0.27433470262546883,0.8483790523690773
0.2751205572423647,0.8483790523690773
0.2751205572423647,0.8488778054862843
0.27551348455081265,0.8488778054862843
0.27551348455081265,0.8493765586034913
0.27608501518128237,0.8493765586034913
0.27608501518128237,0.8503740648379052
0.27629933916770855,0.8503740648379052
0.27629933916770855,0.8508728179551123
0.2772280764422218,0.8508728179551123
0.2772280764422218,0.8513715710723192
0.277442400428648,0.8513715710723192
0.277442400428648,0.8523690773067332
0.2780496517235221,0.8523690773067332
0.2780496517235221,0.8528678304239401
0.2784068583675656,0.8528678304239401
0.2784068583675656,0.8533665835411471
0.2788355063404179,0.8533665835411471
0.278942668333631,0.8533665835411471
0.27926415431327023,0.8533665835411471
0.27926415431327023,0.8538653366583541
0.27933559564207894,0.8538653366583541
0.27933559564207894,0.8543640897755611
0.28040721557420967,0.8543640897755611
0.28040721557420967,0.854862842892768
0.2804786569030184,0.854862842892768
0.2804786569030184,0.8553615960099751
0.28055009823182714,0.8553615960099751
0.28055009823182714,0.855860349127182
0.28076442221825326,0.855860349127182
0.28076442221825326,0.856359102244389
0.28155027683514916,0.856359102244389
0.28155027683514916,0.856857855361596
0.28322914806215393,0.856857855361596
0.28322914806215393,0.85785536159601
0.2838721200214324,0.85785536159601
0.2838721200214324,0.858354114713217
0.2841221646722629,0.858354114713217
0.2841221646722629,0.859351620947631
0.28544382925522416,0.859351620947631
0.28544382925522416,0.8598503740648379
0.2854795499196285,0.8598503740648379
0.2854795499196285,0.8603491271820449
0.2870869798178246,0.8603491271820449
0.2870869798178246,0.8608478802992519
0.2884443650651902,0.8608478802992519
0.2884443650651902,0.8613466334164589
0.2885515270584033,0.8613466334164589
0.2885515270584033,0.8618453865336658
0.28948026433291657,0.8618453865336658
0.28948026433291657,0.8628428927680798
0.28958742632612966,0.8628428927680798
0.28958742632612966,0.8633416458852868
0.28976602964815146,0.8633416458852868
0.28976602964815146,0.8638403990024938
0.29030183961421685,0.8638403990024938
0.29030183961421685,0.8643391521197007
0.2904090016074299,0.8643391521197007
0.2904090016074299,0.8648379052369077
0.2916235041971781,0.8648379052369077
0.2916235041971781,0.8653366583541147
0.2919449901768173,0.8653366583541147
0.2919449901768173,0.8658354114713217
0.29408823004107876,0.8658354114713217
0.29408823004107876,0.8663341645885286
0.2949812466511877,0.8663341645885286
0.2949812466511877,0.8668329177057357
0.29873191641364527,0.8668329177057357
0.29873191641364527,0.8673316708229426
0.2997678156813717,0.8673316708229426
0.2997678156813717,0.8678304239401496
0.3003750669762458,0.8678304239401496
0.3003750669762458,0.8683291770573566
0.3023754241828898,0.8683291770573566
0.3023754241828898,0.8688279301745636
0.3034827647794249,0.8688279301745636
0.3034827647794249,0.8693266832917705
0.3050187533488123,0.8693266832917705
0.3050187533488123,0.8698254364089776
0.3063761385961779,0.8698254364089776
0.3063761385961779,0.8703241895261845
0.3070548312198607,0.8703241895261845
0.3070548312198607,0.8708229426433916
0.3071262725486694,0.8708229426433916
0.3071262725486694,0.8713216957605985
0.30716199321307375,0.8713216957605985
0.30716199321307375,0.8718204488778055
0.30759064118592605,0.8718204488778055
0.30759064118592605,0.8723192019950124
0.30766208251473476,0.8723192019950124
0.30766208251473476,0.8728179551122195
0.3096981603857832,0.8728179551122195
0.3096981603857832,0.8733167082294264
0.31241293088051436,0.8733167082294264
0.31241293088051436,0.8738154613466335
0.3150919807108412,0.8738154613466335
0.3150919807108412,0.8743142144638404
0.31591355599214144,0.8743142144638404
0.31591355599214144,0.8748129675810474
0.3161993213073763,0.8748129675810474
0.3163779246293981,0.8748129675810474
0.3165565279514199,0.8748129675810474
0.3165565279514199,0.8753117206982544
0.31666368994463295,0.8753117206982544
0.31666368994463295,0.8758104738154614
0.31709233791748526,0.8758104738154614
0.31709233791748526,0.8763092269326683
0.31741382389712447,0.8763092269326683
0.31741382389712447,0.8768079800498753
0.31780675120557245,0.8768079800498753
0.31780675120557245,0.8773067331670823
0.3184497231648509,0.8773067331670823
0.3184497231648509,0.8778054862842892
0.319557063761386,0.8778054862842892
0.3196285050901947,0.8778054862842892
0.3199142704054295,0.8778054862842892
0.3199142704054295,0.8783042394014963
0.3224147169137346,0.8783042394014963
0.3224147169137346,0.8788029925187032
0.32245043757813896,0.8788029925187032
0.32245043757813896,0.8793017456359102
0.3233791748526523,0.8793017456359102
0.3233791748526523,0.8798004987531172
0.3245579567779961,0.8798004987531172
0.3245579567779961,0.8802992518703242
0.32584390069655295,0.8802992518703242
0.32584390069655295,0.8807980049875311
0.327844257903197,0.8807980049875311
0.327844257903197,0.8812967581047382
0.33052330773352384,0.8812967581047382
0.33052330773352384,0.8817955112219451
0.33102339703518485,0.8817955112219451
0.33109483836399356,0.8817955112219451
0.33134488301482407,0.8817955112219451
0.33134488301482407,0.8822942643391521
0.33180925165208075,0.8822942643391521
0.33188069298088946,0.8822942643391521
0.3350598321128773,0.8822942643391521
0.3350598321128773,0.8827930174563591
0.33534559742811215,0.8827930174563591
0.33534559742811215,0.8832917705735661
0.33559564207894266,0.8832917705735661
0.33559564207894266,0.883790523690773
0.3367387033398821,0.883790523690773
0.3367387033398821,0.8842892768079801
0.3375602786211824,0.8842892768079801
0.3375602786211824,0.884788029925187
0.3385604572245044,0.884788029925187
0.3385604572245044,0.885286783042394
0.3387033398821218,0.885286783042394
0.3387033398821218,0.885785536159601
0.33977495981425254,0.885785536159601
0.33984640114306125,0.885785536159601
0.33984640114306125,0.886284289276808
0.33988212180746563,0.886284289276808
0.33988212180746563,0.886783042394015
0.33998928380067867,0.886783042394015
0.33998928380067867,0.887281795511222
0.3420610823361315,0.887281795511222
0.3420610823361315,0.8877805486284289
0.34298981961064473,0.8877805486284289
0.34298981961064473,0.888279301745636
0.3432755849258796,0.888279301745636
0.3432755849258796,0.8887780548628429
0.34366851223432754,0.8887780548628429
0.34366851223432754,0.8897755610972569
0.3473477406679764,0.8897755610972569
0.3473477406679764,0.8902743142144638
0.34770494731202,0.8902743142144638
0.34770494731202,0.8907730673316708
0.35081264511519916,0.8907730673316708
0.35081264511519916,0.8912718204488778
0.3514556170744776,0.8912718204488778
0.3515270584032863,0.8912718204488778
0.3518842650473299,0.8912718204488778
0.3518842650473299,0.8917705735660848
0.35267011966422573,0.8917705735660848
0.35267011966422573,0.8922693266832917
0.35359885693873905,0.8922693266832917
0.35359885693873905,0.8927680798004988
0.35688515806394,0.8927680798004988
0.35688515806394,0.8932668329177057
0.3569923200571531,0.8932668329177057
0.3569923200571531,0.8937655860349127
0.360278621182354,0.8937655860349127
0.360278621182354,0.8942643391521197
0.3603500625111627,0.8942643391521197
0.3603500625111627,0.8947630922693267
0.3618503304161457,0.8947630922693267
0.3618503304161457,0.8957605985037407
0.36270762636185033,0.8957605985037407
0.36270762636185033,0.8962593516209476
0.3647079835684944,0.8962593516209476
0.3647079835684944,0.8967581047381546
0.3648508662261118,0.8967581047381546
0.3648508662261118,0.8972568578553616
0.3652080728701554,0.8972568578553616
0.3652080728701554,0.8977556109725686
0.3659224861582425,0.8977556109725686
0.3659224861582425,0.8987531172069826
0.3665297374531166,0.8987531172069826
0.36660117878192533,0.8987531172069826
0.3667440614395428,0.8987531172069826
0.3667440614395428,0.8992518703241895
0.36831577067333454,0.8992518703241895
0.36831577067333454,0.8997506234413966
0.36974459724950887,0.8997506234413966
0.36974459724950887,0.9002493765586035
0.3710305411680657,0.9002493765586035
0.3710305411680657,0.9007481296758105
0.37267369173066617,0.9007481296758105
0.37267369173066617,0.9012468827930175
0.37303089837470976,0.9012468827930175
0.37303089837470976,0.9017456359102244
0.373352384354349,0.9017456359102244
0.37338810501875336,0.9022443890274314
0.3741382389712449,0.9022443890274314
0.3741382389712449,0.9027431421446384
0.3757813895338453,0.9027431421446384
0.3757813895338453,0.9032418952618454
0.3795320592963029,0.9032418952618454
0.3795320592963029,0.9037406483790523
0.38078228255045543,0.9037406483790523
0.38078228255045543,0.9042394014962594
0.3813180925165208,0.9042394014962594
0.3813180925165208,0.9047381546134663
0.3832112877299518,0.9047381546134663
0.3832112877299518,0.9052369077306733
0.3834256117163779,0.9052369077306733
0.3834256117163779,0.9057356608478803
0.3836399357028041,0.9057356608478803
0.3836399357028041,0.9062344139650873
0.38492587962136093,0.9062344139650873
0.38492587962136093,0.9067331670822942
0.38517592427219144,0.9067331670822942
0.38517592427219144,0.9072319201995013
0.39232005715306306,0.9072319201995013
0.39232005715306306,0.9077306733167082
0.39257010180389357,0.9077306733167082
0.39257010180389357,0.9082294264339152
0.3936417217360243,0.9082294264339152
0.3936417217360243,0.9087281795511222
0.39478478299696373,0.9087281795511222
0.39478478299696373,0.9092269326683292
0.3963564922307555,0.9092269326683292
0.39646365422396856,0.9092269326683292
0.3979639221289516,0.9092269326683292
0.3980353634577603,0.9092269326683292
0.4014645472405787,0.9092269326683292
0.4014645472405787,0.9097256857855361
0.4021789605286658,0.9097256857855361
0.4021789605286658,0.9102244389027432
0.40918021075191996,0.9102244389027432
0.40918021075191996,0.9107231920199501
0.40964457938917664,0.9107231920199501
0.40964457938917664,0.9112219451371572
0.4118592605822468,0.9112219451371572
0.4119307019110555,0.9112219451371572
0.4127165565279514,0.9112219451371572
0.4127165565279514,0.9117206982543641
0.413073763171995,0.9117206982543641
0.413073763171995,0.9122194513715711
0.41368101446686906,0.9122194513715711
0.41368101446686906,0.912718204488778
0.41407394177531703,0.912718204488778
0.41407394177531703,0.9132169576059851
0.41425254509733883,0.9132169576059851
0.41425254509733883,0.913715710723192
0.41450258974816934,0.913715710723192
0.41450258974816934,0.914214463840399
0.4153598856938739,0.914214463840399
0.4153598856938739,0.914713216957606
0.4171459189140918,0.914713216957606
0.4171459189140918,0.9152119700748129
0.41814609751741383,0.9152119700748129
0.41821753884622254,0.9152119700748129
0.42014645472405787,0.9152119700748129
0.42014645472405787,0.91571072319202
0.4205393820325058,0.91571072319202
0.4205393820325058,0.9162094763092269
0.4211109126629755,0.9162094763092269
0.4211109126629755,0.9167082294264339
0.4213966779782104,0.9167082294264339
0.4215038399714235,0.9167082294264339
0.4216467226290409,0.9167082294264339
0.4216467226290409,0.9172069825436409
0.4234327558492588,0.9172069825436409
0.4234327558492588,0.9177057356608479
0.4252902303982854,0.9177057356608479
0.4252902303982854,0.9182044887780548
0.42711198428290764,0.9182044887780548
0.42711198428290764,0.9187032418952619
0.42764779424897303,0.9187032418952619
0.42764779424897303,0.9192019950124688
0.42850509019467764,0.9192019950124688
0.42850509019467764,0.9197007481296758
0.4286122521878907,0.9197007481296758
0.4286122521878907,0.9201995012468828
0.43204143597070904,0.9201995012468828
0.43204143597070904,0.9206982543640898
0.43239864261475264,0.9206982543640898
0.43239864261475264,0.9211970074812967
0.43279156992320056,0.9211970074812967
0.43279156992320056,0.9216957605985038
0.43332737988926595,0.9216957605985038
0.43332737988926595,0.9221945137157107
0.43357742454009646,0.9221945137157107
0.43357742454009646,0.9226932668329177
0.4341132345061618,0.9226932668329177
0.4341132345061618,0.9231920199501247
0.436327915699232,0.9231920199501247
0.436327915699232,0.9236907730673317
0.43761385961778887,0.9236907730673317
0.43761385961778887,0.9241895261845386
0.4387926415431327,0.9241895261845386
0.4388640828719414,0.9241895261845386
0.4399357028040722,0.9241895261845386
0.4399357028040722,0.9246882793017457
0.44097160207179853,0.9246882793017457
0.44097160207179853,0.9251870324189526
0.44190033934631184,0.9251870324189526
0.44190033934631184,0.9261845386533666
0.4464368637256653,0.9261845386533666
0.4464368637256653,0.9266832917705735
0.4480442936238614,0.9266832917705735
0.4480442936238614,0.9271820448877806
0.449401678871227,0.9271820448877806
0.449401678871227,0.9276807980049875
0.45250937667440616,0.9276807980049875
0.45250937667440616,0.9281795511221945
0.4530451866404715,0.9281795511221945
0.4531166279692802,0.9281795511221945
0.4539024825861761,0.9281795511221945
0.4539024825861761,0.9286783042394015
0.4567958564029291,0.9286783042394015
0.4567958564029291,0.9291770573566085
0.4582604036435078,0.9291770573566085
0.4582604036435078,0.9296758104738154
0.46176102875513486,0.9296758104738154
0.46176102875513486,0.9301745635910225
0.4632970173245222,0.9301745635910225
0.4632970173245222,0.9306733167082294
0.46508305054474014,0.9306733167082294
0.46508305054474014,0.9311720698254364
0.46601178781925345,0.9311720698254364
0.46601178781925345,0.9316708229426434
0.4669762457581711,0.9316708229426434
0.4669762457581711,0.9321695760598504
0.46890516163600643,0.9321695760598504
0.46890516163600643,0.9326683291770573
0.46936953027326306,0.9326683291770573
0.46936953027326306,0.9331670822942644
0.46979817824611536,0.9331670822942644
0.46979817824611536,0.9336658354114713
0.47001250223254154,0.9336658354114713
0.47001250223254154,0.9341645885286783
0.4716199321307376,0.9341645885286783
0.4716199321307376,0.9346633416458853
0.47169137345954637,0.9346633416458853
0.47169137345954637,0.9351620947630923
0.4724057867476335,0.9351620947630923
0.4724057867476335,0.9356608478802992
0.4729058760492945,0.9356608478802992
0.4729058760492945,0.9361596009975063
0.4798714056081443,0.9361596009975063
0.4798714056081443,0.9366583541147132
0.4819074834791927,0.9366583541147132
0.4819074834791927,0.9371571072319203
0.48419360600107164,0.9371571072319203
0.48419360600107164,0.9376558603491272
0.4860868012145026,0.9376558603491272
0.4860868012145026,0.9381546134663342
0.4871584211466333,0.9381546134663342
0.4871584211466333,0.9386533665835411
0.4871941418110377,0.9386533665835411
0.4871941418110377,0.9391521197007481
0.4876942311126987,0.9391521197007481
0.4876942311126987,0.9396508728179551
0.4892302196820861,0.9396508728179551
0.4892302196820861,0.940149625935162
0.4905876049294517,0.940149625935162
0.4905876049294517,0.9406483790523691
0.49408823004107877,0.9406483790523691
0.49408823004107877,0.941147132169576
0.4951955706376139,0.941147132169576
0.4951955706376139,0.9416458852867831
0.4955884979460618,0.9416458852867831
0.4955884979460618,0.94214463840399
0.4958028219324879,0.94214463840399
0.4958028219324879,0.942643391521197
0.49791034113234506,0.942643391521197
0.49791034113234506,0.943142144638404
0.5038756920878729,0.943142144638404
0.5038756920878729,0.943640897755611
0.5075549205215217,0.943640897755611
0.5075549205215217,0.9441396508728179
0.5077335238435435,0.9441396508728179
0.5077335238435435,0.944638403990025
0.5130916235041971,0.944638403990025
0.5130916235041971,0.9451371571072319
0.5174852652259332,0.9451371571072319
0.5174852652259332,0.9456359102244389
0.519271298446151,0.9456359102244389
0.519271298446151,0.9461346633416459
0.5268797999642794,0.9461346633416459
0.5268797999642794,0.9466334164588529
0.5288087158421146,0.9466334164588529
0.5288087158421146,0.9471321695760598
0.5291302018217539,0.9471321695760598
0.5291302018217539,0.9476309226932669
0.5300232184318628,0.9476309226932669
0.5300232184318628,0.9481296758104738
0.5308805143775674,0.9481296758104738
0.5308805143775674,0.9486284289276808
0.5343811394891945,0.9486284289276808
0.5345240221468119,0.9486284289276808
0.5353813180925165,0.9486284289276808
0.5353813180925165,0.9491271820448878
0.5403464904447223,0.9491271820448878
0.540417931773531,0.9491271820448878
0.5407751384175745,0.9491271820448878
0.5407751384175745,0.9496259351620948
0.5428826576174317,0.9496259351620948
0.5428826576174317,0.9501246882793017
0.5450973388105019,0.9501246882793017
0.5450973388105019,0.9506234413965087
0.5461689587426326,0.9506234413965087
0.5461689587426326,0.9511221945137157
0.549598142525451,0.9511221945137157
0.549598142525451,0.9516209476309226
0.5585283086265405,0.9516209476309226
0.5585997499553492,0.9516209476309226
0.5592070012502233,0.9516209476309226
0.5592070012502233,0.9521197007481297
0.5594213252366494,0.9521197007481297
0.5594927665654581,0.9521197007481297
0.5603143418467583,0.9521197007481297
0.5603143418467583,0.9526184538653366
0.5609215931416325,0.9526184538653366
0.5609215931416325,0.9531172069825437
0.5616360064297196,0.9531172069825437
0.5616360064297196,0.9536159600997506
0.5617074477585283,0.9536159600997506
0.5617074477585283,0.9541147132169576
0.562171816395785,0.9541147132169576
0.562171816395785,0.9551122194513716
0.562671905697446,0.9551122194513716
0.562671905697446,0.9556109725685785
0.563564922307555,0.9556109725685785
0.5636363636363636,0.9556109725685785
0.5638506876227898,0.9556109725685785
0.5638506876227898,0.9561097256857856
0.5677442400428648,0.9561097256857856
0.5677442400428648,0.9566084788029925
0.5689587426326129,0.9566084788029925
0.5689587426326129,0.9571072319201995
0.5691373459546347,0.9571072319201995
0.5692087872834435,0.9571072319201995
0.5738167529916056,0.9571072319201995
0.5738167529916056,0.9576059850374065
0.5753884622253974,0.9576059850374065
0.5754599035542061,0.9576059850374065
0.5764243614931238,0.9576059850374065
0.5764243614931238,0.9581047381546135
0.5815681371673513,0.9581047381546135
0.5815681371673513,0.9586034912718204
0.5853545275942132,0.9586034912718204
0.585425968923022,0.9586034912718204
0.5886765493838185,0.9586034912718204
0.5886765493838185,0.9591022443890275
0.5897838899803536,0.9591022443890275
0.5898553313091623,0.9591022443890275
0.5900339346311841,0.9591022443890275
0.5901410966243972,0.9591022443890275
0.59081978924808,0.9591022443890275
0.59081978924808,0.9596009975062344
0.5929987497767458,0.9596009975062344
0.5929987497767458,0.9600997506234414
0.5943918556885158,0.9600997506234414
0.5944632970173245,0.9600997506234414
0.6013216645829612,0.9600997506234414
0.60139310591177,0.9600997506234414
0.6020717985354528,0.9600997506234414
0.6020717985354528,0.9605985037406484
0.6037863904268619,0.9605985037406484
0.6037863904268619,0.9610972568578554
0.6176817288801572,0.9610972568578554
0.6176817288801572,0.9615960099750623
0.6193963207715664,0.9615960099750623
0.6193963207715664,0.9620947630922694
0.6210751919985712,0.9620947630922694
0.6210751919985712,0.9625935162094763
0.62614752634399,0.9625935162094763
0.62614752634399,0.9630922693266832
0.628540810859082,0.9630922693266832
0.628540810859082,0.9635910224438903
0.6294695481335952,0.9635910224438903
0.6294695481335952,0.9640897755610972
0.6312913020182176,0.9640897755610972
0.6312913020182176,0.9645885286783042
0.6313270226826219,0.9645885286783042
0.6313984640114306,0.9645885286783042
0.6343275584925879,0.9645885286783042
0.6343275584925879,0.9650872817955112
0.6343989998213967,0.9650872817955112
0.6343989998213967,0.9655860349127182
0.6379710662618324,0.9655860349127182
0.6379710662618324,0.9660847880299251
0.638614038221111,0.9660847880299251
0.638614038221111,0.9665835411471322
0.6394356135024112,0.9665835411471322
0.6394356135024112,0.9670822942643391
0.6411859260582247,0.9670822942643391
0.6412573673870334,0.9670822942643391
0.6415074120378639,0.9670822942643391
0.6415074120378639,0.9675810473815462
0.6421503839971423,0.9675810473815462
0.6421503839971423,0.9680798004987531
0.6429719592784425,0.9680798004987531
0.6430434006072513,0.9680798004987531
0.6438649758885515,0.9680798004987531
0.6438649758885515,0.9685785536159601
0.6443293445258081,0.9685785536159601
0.6443293445258081,0.969077306733167
0.650794784782997,0.969077306733167
0.650794784782997,0.9695760598503741
0.6515449187354885,0.9695760598503741
0.6515449187354885,0.970074812967581
0.6589748169315949,0.970074812967581
0.6589748169315949,0.9705735660847881
0.6604750848365779,0.9705735660847881
0.6604750848365779,0.971072319201995
0.6612966601178782,0.971072319201995
0.6613681014466869,0.971072319201995
0.665261653866762,0.971072319201995
0.665261653866762,0.971571072319202
0.6664047151277014,0.971571072319202
0.6665118771209144,0.971571072319202
0.6690480442936239,0.971571072319202
0.6691194856224326,0.971571072319202
0.6693338096088587,0.971571072319202
0.6693338096088587,0.972069825436409
0.669762457581711,0.972069825436409
0.669762457581711,0.972568578553616
0.6706911948562243,0.972568578553616
0.6706911948562243,0.9730673316708229
0.6710484015002679,0.9730673316708229
0.6710484015002679,0.97356608478803
0.6719056974459725,0.97356608478803
0.6719056974459725,0.9740648379052369
0.6787640650116092,0.9740648379052369
0.6787640650116092,0.9745635910224439
0.6798714056081443,0.9745635910224439
0.6798714056081443,0.9750623441396509
0.6799428469369531,0.9750623441396509
0.6799428469369531,0.9755610972568578
0.6804072155742097,0.9755610972568578
0.6804072155742097,0.9760598503740648
0.6807287015538489,0.9760598503740648
0.6807287015538489,0.9765586034912718
0.6813002321843187,0.9765586034912718
0.6813716735131273,0.9765586034912718
0.6853009465976068,0.9765586034912718
0.6853723879264154,0.9765586034912718
0.69680300053581,0.9765586034912718
0.69680300053581,0.9770573566084788
0.6974102518306841,0.9770573566084788
0.6974816931594928,0.9770573566084788
0.6982318271119843,0.9770573566084788
0.6982318271119843,0.9775561097256857
0.6992677263797107,0.9775561097256857
0.6992677263797107,0.9780548628428928
0.700696552955885,0.9780548628428928
0.700696552955885,0.9785536159600997
0.7077335238435435,0.9785536159600997
0.7077335238435435,0.9790523690773068
0.7077692445079479,0.9790523690773068
0.7077692445079479,0.9795511221945137
0.7084836577960351,0.9795511221945137
0.7084836577960351,0.9800498753117207
0.7102696910162529,0.9800498753117207
0.7103411323450616,0.9800498753117207
0.7134488301482408,0.9800498753117207
0.7134488301482408,0.9805486284289276
0.7176281478835507,0.9805486284289276
0.7176995892123593,0.9805486284289276
0.7194856224325773,0.9805486284289276
0.7194856224325773,0.9810473815461347
0.7196999464190034,0.9810473815461347
0.7196999464190034,0.9815461346633416
0.723557778174674,0.9815461346633416
0.723557778174674,0.9820448877805487
0.7265583139846401,0.9820448877805487
0.7265583139846401,0.9825436408977556
0.7350955527772817,0.9825436408977556
0.7350955527772817,0.9830423940149626
0.7357742454009645,0.9830423940149626
0.7357742454009645,0.9835411471321696
0.7370959099839257,0.9835411471321696
0.7371673513127344,0.9835411471321696
0.7459546347562065,0.9835411471321696
0.7459546347562065,0.9840399002493766
0.748597963922129,0.9840399002493766
0.748597963922129,0.9845386533665835
0.7497767458474728,0.9845386533665835
0.7497767458474728,0.9850374064837906
0.7524200750133953,0.9850374064837906
0.752491516342204,0.9850374064837906
0.7589926772637972,0.9850374064837906
0.7590641185926058,0.9850374064837906
0.7614931237721022,0.9850374064837906
0.7615645651009109,0.9850374064837906
0.7658510448294338,0.9850374064837906
0.7658510448294338,0.9855361596009975
0.7676370780496518,0.9855361596009975
0.7676370780496518,0.9860349127182045
0.7748883729237364,0.9860349127182045
0.7749598142525451,0.9860349127182045
0.7769244507947848,0.9860349127182045
0.7769244507947848,0.9865336658354115
0.7794248973030898,0.9865336658354115
0.7794248973030898,0.9870324189526185
0.7831755670655475,0.9870324189526185
0.7832470083943561,0.9870324189526185
0.7872834434720486,0.9870324189526185
0.7872834434720486,0.9875311720698254
0.7913913198785497,0.9875311720698254
0.7914627612073585,0.9875311720698254
0.798999821396678,0.9875311720698254
0.7990712627254867,0.9875311720698254
0.8070726915520628,0.9875311720698254
0.8070726915520628,0.9880299251870324
0.8121807465618861,0.9880299251870324
0.8122521878906948,0.9880299251870324
0.8127165565279514,0.9880299251870324
0.8127165565279514,0.9885286783042394
0.8150383997142346,0.9885286783042394
0.8150383997142346,0.9890274314214463
0.8167887122700482,0.9890274314214463
0.8168601535988569,0.9890274314214463
0.8204322200392927,0.9890274314214463
0.8204322200392927,0.9895261845386534
0.8360064297195928,0.9895261845386534
0.8360064297195928,0.9900249376558603
0.843222003929273,0.9900249376558603
0.8432934452580818,0.9900249376558603
0.8447222718342561,0.9900249376558603
0.8447222718342561,0.9905236907730673
0.8456867297731738,0.9905236907730673
0.8456867297731738,0.9910224438902743
0.8481514556170745,0.9910224438902743
0.8481514556170745,0.9915211970074813
0.85090194677621,0.9915211970074813
0.85090194677621,0.9920199501246882
0.8565100910876943,0.9920199501246882
0.8565815324165029,0.9920199501246882
0.8682979103411324,0.9920199501246882
0.8683693516699411,0.9920199501246882
0.8693338096088588,0.9920199501246882
0.8694052509376674,0.9920199501246882
0.876049294516878,0.9920199501246882
0.8761207358456867,0.9920199501246882
0.8812645115199143,0.9920199501246882
0.881335952848723,0.9920199501246882
0.8819432041435971,0.9920199501246882
0.8820146454724058,0.9920199501246882
0.8873013038042508,0.9920199501246882
0.8873727451330595,0.9920199501246882
0.8881585997499554,0.9920199501246882
0.8881585997499554,0.9925187032418953
0.8942311126986962,0.9925187032418953
0.8943025540275049,0.9925187032418953
0.8959457045901054,0.9925187032418953
0.8960171459189141,0.9925187032418953
0.8978746204679408,0.9925187032418953
0.8979460617967494,0.9925187032418953
0.9016610108948027,0.9925187032418953
0.9016610108948027,0.9930174563591022
0.9017324522236113,0.9930174563591022
0.9018038935524201,0.9930174563591022
0.9035899267726379,0.9930174563591022
0.9035899267726379,0.9935162094763093
0.905590283979282,0.9935162094763093
0.905590283979282,0.9940149625935162
0.9115556349348097,0.9940149625935162
0.9116270762636185,0.9940149625935162
0.9148419360600107,0.9940149625935162
0.9149133773888194,0.9940149625935162
0.9161278799785676,0.9940149625935162
0.9161993213073764,0.9940149625935162
0.9198428290766208,0.9940149625935162
0.9198428290766208,0.9945137157107232
0.923057688873013,0.9945137157107232
0.9231648508662261,0.9945137157107232
0.9238078228255046,0.9945137157107232
0.9238792641543133,0.9945137157107232
0.9281657438828362,0.9945137157107232
0.9282014645472406,0.9950124688279302
0.9296302911234149,0.9950124688279302
0.9296302911234149,0.9955112219451372
0.9304518664047151,0.9955112219451372
0.9304518664047151,0.9960099750623441
0.9318092516520807,0.9960099750623441
0.9318092516520807,0.9965087281795512
0.9372745133059475,0.9965087281795512
0.9372745133059475,0.9970074812967581
0.9403464904447223,0.9970074812967581
0.940417931773531,0.9970074812967581
0.9421325236649402,0.9970074812967581
0.9421325236649402,0.9975062344139651
0.943311305590284,0.9975062344139651
0.9433827469190927,0.9975062344139651
0.9449901768172888,0.9975062344139651
0.9450616181460976,0.9975062344139651
0.9455617074477586,0.9975062344139651
0.9455617074477586,0.9980049875311721
0.9478835506340418,0.9980049875311721
0.9479549919628505,0.9980049875311721
0.9482764779424897,0.9980049875311721
0.9483479192712985,0.9980049875311721
0.9512055724236471,0.9980049875311721
0.9512770137524558,0.9980049875311721
0.9538489015895696,0.9980049875311721
0.9538489015895696,0.9985037406483791
0.9553491694945526,0.9985037406483791
0.9554206108233613,0.9985037406483791
0.9568137167351313,0.9985037406483791
0.95688515806394,0.9985037406483791
0.9590998392570101,0.9985037406483791
0.9591712805858189,0.9985037406483791
0.9596713698874799,0.9985037406483791
0.9597428112162886,0.9985037406483791
0.9618860510805501,0.9985037406483791
0.9619574924093588,0.9985037406483791
0.9683514913377389,0.9985037406483791
0.9684943739953563,0.9985037406483791
0.9690301839614217,0.9985037406483791
0.9690301839614217,0.999002493765586
0.9691373459546347,0.999002493765586
0.9692087872834435,0.999002493765586
0.970459010537596,0.999002493765586
0.9705304518664047,0.999002493765586
0.9706376138596178,0.999002493765586
0.9707090551884265,0.999002493765586
0.9723164850866226,0.999002493765586
0.9723879264154314,0.999002493765586
0.9749598142525451,0.999002493765586
0.9750312555813538,0.999002493765586
0.9754956242186105,0.999002493765586
0.9755670655474192,0.999002493765586
0.9776745847472763,0.999002493765586
0.977746026076085,0.999002493765586
0.9779603500625111,0.999002493765586
0.9779603500625111,0.9995012468827931
0.9784961600285765,0.9995012468827931
0.9785676013573853,0.9995012468827931
0.9804965172352206,0.9995012468827931
0.9805679585640293,0.9995012468827931
0.9808180032148598,0.9995012468827931
0.9808894445436686,0.9995012468827931
0.9818539024825862,0.9995012468827931
0.9819253438113948,0.9995012468827931
0.9819610644757992,0.9995012468827931
0.982032505804608,0.9995012468827931
0.9827111984282908,0.9995012468827931
0.9827111984282908,1.0
0.991319878549741,1.0
0.9913913198785498,1.0
0.9921057331666369,1.0
0.99221289515985,1.0
0.9922843364886587,1.0
0.9933202357563851,1.0
0.9933916770851938,1.0
0.9936417217360243,1.0
0.9937488837292373,1.0
0.9939274870512591,1.0
0.9940346490444723,1.0
0.9944275763529201,1.0
0.9944990176817289,1.0
0.9949991069833899,1.0
0.9951062689766029,1.0
0.9955706376138597,1.0
0.9956777996070727,1.0
0.9962493302375424,1.0
0.9963207715663511,1.0
0.9964993748883729,1.0
0.9965708162171817,1.0
0.9978924808001429,1.0
0.9979639221289516,1.0
1.0,1.0
