fpr,tpr
0.0,0.0
3.572066440435792e-05,0.0
3.572066440435792e-05,0.000997506234413965
0.00010716199321307377,0.000997506234413965
0.00010716199321307377,0.0029925187032418953
0.0001428826576174317,0.0029925187032418953
0.0001428826576174317,0.003491271820448878
0.0002500446508305054,0.003491271820448878
0.0002500446508305054,0.0059850374064837905
0.0002857653152348634,0.0059850374064837905
0.0002857653152348634,0.006483790523690773
0.0003214859796392213,0.006483790523690773
0.0003214859796392213,0.007481296758104738
0.0003929273084479371,0.007481296758104738
0.0003929273084479371,0.010473815461346634
0.0004286479728522951,0.010473815461346634
0.0004286479728522951,0.012468827930174564
0.0005000893016610108,0.012468827930174564
0.0005000893016610108,0.015461346633416459
0.0005358099660653688,0.015461346633416459
0.0005358099660653688,0.016957605985037406
0.0005715306304697268,0.016957605985037406
0.0005715306304697268,0.01945137157107232
0.0006072512948740846,0.01945137157107232
0.0006072512948740846,0.0199501246882793
0.0006429719592784426,0.0199501246882793
0.0006429719592784426,0.020947630922693267
0.0006786926236828006,0.020947630922693267
0.0006786926236828006,0.02144638403990025
0.0007144132880871584,0.02144638403990025
0.0007144132880871584,0.02493765586034913
0.0007858546168958742,0.02493765586034913
0.0007858546168958742,0.02593516209476309
0.0008215752813002322,0.02593516209476309
0.0008215752813002322,0.028428927680798004
0.0008572959457045902,0.028428927680798004
0.0008572959457045902,0.02892768079800499
0.000928737274513306,0.02892768079800499
0.000928737274513306,0.030423940149625937
0.0010001786033220217,0.030423940149625937
0.0010001786033220217,0.03291770573566085
0.0010716199321307376,0.03291770573566085
0.0010716199321307376,0.03341645885286783
0.0011073405965350955,0.03341645885286783
0.0011073405965350955,0.034912718204488775
0.0011430612609394535,0.034912718204488775
0.0011430612609394535,0.035910224438902745
0.0011787819253438114,0.035910224438902745
0.0011787819253438114,0.03690773067331671
0.0012145025897481693,0.03690773067331671
0.0012145025897481693,0.038403990024937655
0.0012502232541525273,0.038403990024937655
0.0012502232541525273,0.04039900249376559
0.0012859439185568852,0.04039900249376559
0.0012859439185568852,0.040897755610972565
0.001357385247365601,0.040897755610972565
0.001357385247365601,0.04139650872817955
0.0014645472405786747,0.04139650872817955
0.0014645472405786747,0.0428927680798005
0.0015002679049830327,0.0428927680798005
0.0015002679049830327,0.04339152119700748
0.0015359885693873906,0.04339152119700748
0.0015359885693873906,0.04389027431421447
0.0015717092337917485,0.04389027431421447
0.0015717092337917485,0.04488778054862843
0.0016431505626004644,0.04488778054862843
0.0016431505626004644,0.04738154613466334
0.0016788712270048222,0.04738154613466334
0.0016788712270048222,0.04937655860349127
0.0017503125558135382,0.04937655860349127
0.0017503125558135382,0.050374064837905234
0.001786033220217896,0.050374064837905234
0.001786033220217896,0.0543640897755611
0.0018217538846222539,0.0543640897755611
0.0018217538846222539,0.05536159600997506
0.001857474549026612,0.05536159600997506
0.001857474549026612,0.055860349127182046
0.0018931952134309698,0.055860349127182046
0.0018931952134309698,0.05685785536159601
0.0020003572066440434,0.05685785536159601
0.0020003572066440434,0.057356608478802994
0.0020360778710484017,0.057356608478802994
0.0020360778710484017,0.05885286783042394
0.0020717985354527595,0.05885286783042394
0.0020717985354527595,0.06134663341645885
0.002214681193070191,0.06134663341645885
0.002214681193070191,0.0628428927680798
0.0022504018574745492,0.0628428927680798
0.0022504018574745492,0.06433915211970075
0.002286122521878907,0.06433915211970075
0.002286122521878907,0.06483790523690773
0.002321843186283265,0.06483790523690773
0.002321843186283265,0.0658354114713217
0.002357563850687623,0.0658354114713217
0.002357563850687623,0.06733167082294264
0.0024647258439006964,0.06733167082294264
0.0024647258439006964,0.06783042394014963
0.0025004465083050546,0.06783042394014963
0.0025004465083050546,0.06832917705735661
0.0025718878371137704,0.06832917705735661
0.0025718878371137704,0.07381546134663342
0.002679049830326844,0.07381546134663342
0.002679049830326844,0.0743142144638404
0.002714770494731202,0.0743142144638404
0.002714770494731202,0.07531172069825437
0.00275049115913556,0.07531172069825437
0.00275049115913556,0.07581047381546134
0.0028576531523486336,0.07581047381546134
0.0028576531523486336,0.07830423940149626
0.0028933738167529915,0.07830423940149626
0.0028933738167529915,0.07880299251870324
0.0029290944811573493,0.07880299251870324
0.0029290944811573493,0.07930174563591022
0.0030005358099660655,0.07930174563591022
0.0030005358099660655,0.08079800498753117
0.0030362564743704233,0.08079800498753117
0.0030362564743704233,0.08379052369077307
0.003107697803179139,0.08379052369077307
0.003107697803179139,0.08428927680798005
0.003143418467583497,0.08428927680798005
0.003143418467583497,0.08528678304239401
0.0031791391319878548,0.08528678304239401
0.0031791391319878548,0.085785536159601
0.0033220217896052866,0.085785536159601
0.0033220217896052866,0.08678304239401496
0.0033577424540096445,0.08678304239401496
0.0033577424540096445,0.08778054862842893
0.0033934631184140023,0.08778054862842893
0.0033934631184140023,0.08877805486284289
0.0035006251116270763,0.08877805486284289
0.0035006251116270763,0.08977556109725686
0.00360778710484015,0.08977556109725686
0.00360778710484015,0.09077306733167083
0.003679228433648866,0.09077306733167083
0.003679228433648866,0.09226932668329177
0.003714949098053224,0.09226932668329177
0.003714949098053224,0.09276807980049875
0.0037863904268619396,0.09276807980049875
0.0037863904268619396,0.0942643391521197
0.0038221110912662975,0.0942643391521197
0.0038221110912662975,0.09725685785536159
0.003893552420075013,0.09725685785536159
0.003893552420075013,0.09875311720698254
0.003964993748883729,0.09875311720698254
0.003964993748883729,0.09975062344139651
0.004000714413288087,0.09975062344139651
0.004000714413288087,0.1002493765586035
0.004036435077692445,0.1002493765586035
0.004036435077692445,0.10274314214463841
0.004072155742096803,0.10274314214463841
0.004072155742096803,0.10324189526184539
0.004107876406501161,0.10324189526184539
0.004107876406501161,0.10423940149625935
0.004250759064118593,0.10423940149625935
0.004250759064118593,0.10623441396508729
0.0042864797285229505,0.10623441396508729
0.0042864797285229505,0.10673316708229426
0.004322200392927309,0.10673316708229426
0.004322200392927309,0.10773067331670823
0.004357921057331666,0.10773067331670823
0.004357921057331666,0.1087281795511222
0.004572245043757814,0.1087281795511222
0.004572245043757814,0.10922693266832918
0.004679407036970887,0.10922693266832918
0.004679407036970887,0.10972568578553615
0.004786569030183961,0.10972568578553615
0.004786569030183961,0.11022443890274314
0.00482228969458832,0.11022443890274314
0.00482228969458832,0.11122194513715711
0.004858010358992677,0.11122194513715711
0.004858010358992677,0.11172069825436409
0.004893731023397035,0.11172069825436409
0.004893731023397035,0.11371571072319202
0.004929451687801393,0.11371571072319202
0.004929451687801393,0.1172069825436409
0.005000893016610109,0.1172069825436409
0.005000893016610109,0.11870324189526185
0.005036613681014467,0.11870324189526185
0.005036613681014467,0.12019950124688279
0.005072334345418825,0.12019950124688279
0.005072334345418825,0.12119700748129676
0.005143775674227541,0.12119700748129676
0.005143775674227541,0.12169576059850375
0.005179496338631898,0.12169576059850375
0.005179496338631898,0.12219451371571072
0.005250937667440615,0.12219451371571072
0.005250937667440615,0.12319201995012469
0.005286658331844972,0.12319201995012469
0.005286658331844972,0.12468827930174564
0.005358099660653688,0.12468827930174564
0.005358099660653688,0.1261845386533666
0.005465261653866762,0.1261845386533666
0.005465261653866762,0.1281795511221945
0.0055367029826754776,0.1281795511221945
0.0055367029826754776,0.1286783042394015
0.005608144311484193,0.1286783042394015
0.005608144311484193,0.12967581047381546
0.0056438649758885516,0.12967581047381546
0.0056438649758885516,0.13017456359102245
0.00567958564029291,0.13017456359102245
0.00567958564029291,0.13067331670822943
0.005715306304697267,0.13067331670822943
0.005715306304697267,0.13117206982543642
0.005786747633505983,0.13117206982543642
0.005786747633505983,0.1316708229426434
0.005858188962314699,0.1316708229426434
0.005858188962314699,0.13216957605985039
0.005893909626719057,0.13216957605985039
0.005893909626719057,0.13266832917705737
0.005929630291123415,0.13266832917705737
0.005929630291123415,0.13516209476309227
0.006001071619932131,0.13516209476309227
0.006001071619932131,0.1371571072319202
0.006072512948740847,0.1371571072319202
0.006072512948740847,0.13865336658354116
0.006108233613145204,0.13865336658354116
0.006108233613145204,0.1396508728179551
0.006143954277549562,0.1396508728179551
0.006143954277549562,0.1401496259351621
0.006322557599571352,0.1401496259351621
0.006322557599571352,0.14064837905236907
0.0063582782639757095,0.14064837905236907
0.0063582782639757095,0.14114713216957606
0.006393998928380068,0.14114713216957606
0.006393998928380068,0.14164588528678304
0.0064654402571887835,0.14164588528678304
0.0064654402571887835,0.143142144638404
0.006536881585997499,0.143142144638404
0.006536881585997499,0.14364089775561098
0.006644043579210573,0.14364089775561098
0.006644043579210573,0.14463840399002495
0.006751205572423647,0.14463840399002495
0.006751205572423647,0.1451371571072319
0.006822646901232363,0.1451371571072319
0.006822646901232363,0.14613466334164588
0.006858367565636721,0.14613466334164588
0.006858367565636721,0.14663341645885286
0.006929808894445437,0.14663341645885286
0.006929808894445437,0.14713216957605985
0.007001250223254153,0.14713216957605985
0.007001250223254153,0.14763092269326683
0.007144132880871584,0.14763092269326683
0.007144132880871584,0.14812967581047382
0.007179853545275942,0.14812967581047382
0.007179853545275942,0.14912718204488778
0.0072870155384890155,0.14912718204488778
0.0072870155384890155,0.15012468827930175
0.0073941775317020895,0.15012468827930175
0.0073941775317020895,0.15112219451371572
0.007429898196106448,0.15112219451371572
0.007429898196106448,0.15211970074812967
0.0075013395249151635,0.15211970074812967
0.0075013395249151635,0.15261845386533665
0.007537060189319521,0.15261845386533665
0.007537060189319521,0.1541147132169576
0.007572780853723879,0.1541147132169576
0.007572780853723879,0.15511221945137157
0.007644222182532595,0.15511221945137157
0.007644222182532595,0.15561097256857856
0.007715663511341311,0.15561097256857856
0.007715663511341311,0.15760598503740647
0.007787104840150026,0.15760598503740647
0.007787104840150026,0.15860349127182044
0.007929987497767459,0.15860349127182044
0.007929987497767459,0.15910224438902743
0.007965708162171816,0.15910224438902743
0.007965708162171816,0.1600997506234414
0.008037149490980533,0.1600997506234414
0.008037149490980533,0.16059850374064838
0.00807287015538489,0.16059850374064838
0.00807287015538489,0.16109725685785536
0.008215752813002321,0.16109725685785536
0.008215752813002321,0.16209476309226933
0.008251473477406679,0.16209476309226933
0.008251473477406679,0.16359102244389026
0.008322914806215395,0.16359102244389026
0.008322914806215395,0.16408977556109725
0.008358635470619753,0.16408977556109725
0.008358635470619753,0.16708229426433915
0.008501518128237186,0.16708229426433915
0.008501518128237186,0.16758104738154614
0.008572959457045901,0.16758104738154614
0.008572959457045901,0.16807980049875312
0.008644400785854617,0.16807980049875312
0.008644400785854617,0.1685785536159601
0.008680121450258975,0.1685785536159601
0.008680121450258975,0.1690773067331671
0.008823004107876406,0.1690773067331671
0.008823004107876406,0.16957605985037408
0.008894445436685123,0.16957605985037408
0.008894445436685123,0.17007481296758103
0.00893016610108948,0.17007481296758103
0.00893016610108948,0.17306733167082294
0.008965886765493838,0.17306733167082294
0.008965886765493838,0.17356608478802993
0.009037328094302554,0.17356608478802993
0.009037328094302554,0.1740648379052369
0.009073048758706912,0.1740648379052369
0.009073048758706912,0.1765586034912718
0.00910876942311127,0.1765586034912718
0.00910876942311127,0.1770573566084788
0.009180210751919986,0.1770573566084788
0.009180210751919986,0.17755610972568578
0.009251652080728702,0.17755610972568578
0.009251652080728702,0.17855361596009975
0.00928737274513306,0.17855361596009975
0.00928737274513306,0.17905236907730673
0.009323093409537417,0.17905236907730673
0.009323093409537417,0.17955112219451372
0.009358814073941775,0.17955112219451372
0.009358814073941775,0.1805486284289277
0.009394534738346134,0.1805486284289277
0.009394534738346134,0.18154613466334166
0.00964457938917664,0.18154613466334166
0.00964457938917664,0.18354114713216957
0.009716020717985354,0.18354114713216957
0.009716020717985354,0.18403990024937655
0.009894624040007145,0.18403990024937655
0.009894624040007145,0.18453865336658354
0.009930344704411502,0.18453865336658354
0.009930344704411502,0.1855361596009975
0.010037506697624576,0.1855361596009975
0.010037506697624576,0.1860349127182045
0.01010894802643329,0.1860349127182045
0.01010894802643329,0.18653366583541148
0.010180389355242007,0.18653366583541148
0.010180389355242007,0.1885286783042394
0.010251830684050724,0.1885286783042394
0.010251830684050724,0.18902743142144637
0.010358992677263796,0.18902743142144637
0.010358992677263796,0.18952618453865336
0.010430434006072513,0.18952618453865336
0.010430434006072513,0.19052369077306733
0.01046615467047687,0.19052369077306733
0.01046615467047687,0.19201995012468828
0.010537595999285587,0.19201995012468828
0.010537595999285587,0.19301745635910225
0.010573316663689944,0.19301745635910225
0.010573316663689944,0.19351620947630924
0.010716199321307376,0.19351620947630924
0.010716199321307376,0.19401496259351622
0.010751919985711735,0.19401496259351622
0.010751919985711735,0.19650872817955112
0.010787640650116092,0.19650872817955112
0.010787640650116092,0.1975062344139651
0.010966243972137881,0.1975062344139651
0.010966243972137881,0.19800498753117207
0.01100196463654224,0.19800498753117207
0.01100196463654224,0.19850374064837906
0.011037685300946598,0.19850374064837906
0.011037685300946598,0.19900249376558604
0.011109126629755314,0.19900249376558604
0.011109126629755314,0.200498753117207
0.011144847294159672,0.200498753117207
0.011144847294159672,0.20199501246882792
0.011216288622968387,0.20199501246882792
0.011216288622968387,0.2024937655860349
0.011252009287372746,0.2024937655860349
0.011252009287372746,0.2029925187032419
0.011287729951777103,0.2029925187032419
0.011287729951777103,0.20399002493765586
0.01132345061618146,0.20399002493765586
0.01132345061618146,0.20548628428927682
0.01135917128058582,0.20548628428927682
0.01135917128058582,0.2059850374064838
0.011502053938203251,0.2059850374064838
0.011502053938203251,0.20648379052369079
0.011573495267011966,0.20648379052369079
0.011573495267011966,0.20698254364089774
0.011644936595820683,0.20698254364089774
0.011644936595820683,0.20748129675810473
0.01168065726022504,0.20748129675810473
0.01168065726022504,0.2079800498753117
0.011716377924629397,0.2079800498753117
0.011716377924629397,0.2084788029925187
0.011787819253438114,0.2084788029925187
0.011787819253438114,0.20947630922693267
0.011823539917842471,0.20947630922693267
0.011823539917842471,0.20997506234413965
0.011894981246651188,0.20997506234413965
0.011894981246651188,0.21047381546134664
0.011930701911055545,0.21047381546134664
0.011930701911055545,0.21097256857855362
0.011966422575459903,0.21097256857855362
0.011966422575459903,0.2114713216957606
0.012002143239864262,0.2114713216957606
0.012002143239864262,0.2119700748129676
0.012145025897481693,0.2119700748129676
0.012145025897481693,0.2144638403990025
0.012216467226290408,0.2144638403990025
0.012216467226290408,0.21546134663341646
0.012430791212716556,0.21546134663341646
0.012430791212716556,0.21645885286783043
0.012466511877120914,0.21645885286783043
0.012466511877120914,0.2174563591022444
0.012502232541525273,0.2174563591022444
0.012502232541525273,0.21845386533665836
0.012573673870333988,0.21845386533665836
0.012573673870333988,0.2194513715710723
0.012716556527951419,0.2194513715710723
0.012716556527951419,0.22244389027431422
0.012752277192355778,0.22244389027431422
0.012752277192355778,0.2229426433915212
0.013109483836399358,0.2229426433915212
0.013109483836399358,0.22593516209476308
0.013180925165208073,0.22593516209476308
0.013180925165208073,0.22643391521197007
0.01321664582961243,0.22643391521197007
0.01321664582961243,0.22743142144638404
0.013288087158421147,0.22743142144638404
0.013288087158421147,0.22793017456359102
0.013359528487229863,0.22793017456359102
0.013359528487229863,0.22992518703241896
0.01339524915163422,0.22992518703241896
0.01339524915163422,0.2314214463840399
0.013502411144847295,0.2314214463840399
0.013502411144847295,0.23192019950124687
0.013538131809251652,0.23192019950124687
0.013538131809251652,0.23241895261845386
0.013645293802464726,0.23241895261845386
0.013645293802464726,0.23291770573566084
0.013681014466869083,0.23291770573566084
0.013681014466869083,0.2339152119700748
0.013716735131273443,0.2339152119700748
0.013716735131273443,0.2344139650872818
0.0137524557956778,0.2344139650872818
0.0137524557956778,0.23541147132169576
0.013788176460082157,0.23541147132169576
0.013788176460082157,0.23591022443890275
0.013859617788890874,0.23591022443890275
0.013859617788890874,0.23640897755610973
0.014002500446508305,0.23640897755610973
0.014002500446508305,0.23690773067331672
0.014038221110912663,0.23690773067331672
0.014038221110912663,0.2374064837905237
0.01407394177531702,0.2374064837905237
0.01407394177531702,0.23790523690773066
0.014216824432934453,0.23790523690773066
0.014216824432934453,0.23840399002493765
0.01425254509733881,0.23840399002493765
0.01425254509733881,0.23890274314214463
0.014323986426147526,0.23890274314214463
0.014323986426147526,0.23940149625935161
0.014359707090551885,0.23940149625935161
0.014359707090551885,0.2399002493765586
0.014502589748169316,0.2399002493765586
0.014502589748169316,0.24089775561097257
0.014538310412573674,0.24089775561097257
0.014538310412573674,0.24139650872817955
0.014645472405786748,0.24139650872817955
0.014645472405786748,0.24189526184538654
0.014716913734595464,0.24189526184538654
0.014716913734595464,0.24389027431421445
0.014788355063404179,0.24389027431421445
0.014788355063404179,0.24438902743142144
0.01493123772102161,0.24438902743142144
0.01493123772102161,0.24488778054862842
0.015002679049830327,0.24488778054862842
0.015002679049830327,0.2453865336658354
0.015038399714234684,0.2453865336658354
0.015038399714234684,0.2458852867830424
0.015074120378639042,0.2458852867830424
0.015074120378639042,0.24638403990024937
0.015145561707447758,0.24638403990024937
0.015145561707447758,0.24738154613466334
0.015252723700660832,0.24738154613466334
0.015252723700660832,0.24788029925187033
0.015324165029469547,0.24788029925187033
0.015324165029469547,0.2483790523690773
0.015538489015895695,0.2483790523690773
0.015538489015895695,0.2488778054862843
0.015609930344704412,0.2488778054862843
0.015609930344704412,0.24937655860349128
0.015681371673513127,0.24937655860349128
0.015681371673513127,0.24987531172069827
0.015717092337917484,0.24987531172069827
0.015717092337917484,0.25037406483790525
0.01575281300232184,0.25037406483790525
0.01575281300232184,0.25087281795511224
0.015859974995534917,0.25087281795511224
0.015859974995534917,0.2518703241895262
0.015895695659939275,0.2518703241895262
0.015895695659939275,0.2533665835411471
0.016002857653152347,0.2533665835411471
0.016002857653152347,0.2543640897755611
0.016110019646365423,0.2543640897755611
0.016110019646365423,0.25486284289276806
0.01614574031076978,0.25486284289276806
0.01614574031076978,0.25586034912718203
0.016252902303982852,0.25586034912718203
0.016252902303982852,0.256359102244389
0.016288622968387213,0.256359102244389
0.016288622968387213,0.25885286783042394
0.016467226290409,0.25885286783042394
0.016467226290409,0.2598503740648379
0.016502946954813358,0.2598503740648379
0.016502946954813358,0.2603491271820449
0.01653866761921772,0.2603491271820449
0.01653866761921772,0.26134663341645886
0.01664582961243079,0.26134663341645886
0.01664582961243079,0.26184538653366585
0.016788712270048224,0.26184538653366585
0.016788712270048224,0.26234413965087283
0.016931594927665654,0.26234413965087283
0.016931594927665654,0.2628428927680798
0.017074477585283087,0.2628428927680798
0.017074477585283087,0.2633416458852868
0.017145918914091802,0.2633416458852868
0.017145918914091802,0.2638403990024938
0.017288801571709235,0.2638403990024938
0.017288801571709235,0.26433915211970077
0.017324522236113592,0.26433915211970077
0.017324522236113592,0.26583541147132167
0.01736024290051795,0.26583541147132167
0.01736024290051795,0.2673316708229426
0.017503125558135383,0.2673316708229426
0.017503125558135383,0.2678304239401496
0.017646008215752813,0.2678304239401496
0.017646008215752813,0.2683291770573566
0.01768172888015717,0.2683291770573566
0.01768172888015717,0.26932668329177056
0.01775317020896589,0.26932668329177056
0.01775317020896589,0.26982543640897755
0.017896052866583318,0.26982543640897755
0.017896052866583318,0.2708229426433915
0.01803893552420075,0.2708229426433915
0.01803893552420075,0.2713216957605985
0.018110376853009466,0.2713216957605985
0.018110376853009466,0.27231920199501247
0.01818181818181818,0.27231920199501247
0.01818181818181818,0.27331670822942644
0.01821753884622254,0.27331670822942644
0.01821753884622254,0.2748129675810474
0.018288980175031257,0.2748129675810474
0.018288980175031257,0.27630922693266835
0.018324700839435614,0.27630922693266835
0.018324700839435614,0.27680798004987534
0.018539024825861762,0.27680798004987534
0.018539024825861762,0.2773067331670823
0.018681907483479192,0.2773067331670823
0.018681907483479192,0.27780548628428925
0.01871762814788355,0.27780548628428925
0.01871762814788355,0.2793017456359102
0.01875334881228791,0.2793017456359102
0.01875334881228791,0.2802992518703242
0.018860510805500982,0.2802992518703242
0.018860510805500982,0.28129675810473814
0.01889623146990534,0.28129675810473814
0.01889623146990534,0.2832917705735661
0.018931952134309697,0.2832917705735661
0.018931952134309697,0.28428927680798005
0.019039114127522773,0.28428927680798005
0.019039114127522773,0.28478802992518704
0.019146276120735845,0.28478802992518704
0.019146276120735845,0.285286783042394
0.01925343811394892,0.285286783042394
0.01925343811394892,0.285785536159601
0.019324879442757636,0.285785536159601
0.019324879442757636,0.286284289276808
0.019432041435970708,0.286284289276808
0.019432041435970708,0.28778054862842894
0.019539203429183784,0.28778054862842894
0.019539203429183784,0.28827930174563593
0.01957492409358814,0.28827930174563593
0.01957492409358814,0.2887780548628429
0.0196106447579925,0.2887780548628429
0.0196106447579925,0.2892768079800499
0.01971780675120557,0.2892768079800499
0.01971780675120557,0.2897755610972569
0.020039292730844795,0.2897755610972569
0.020039292730844795,0.2902743142144638
0.020075013395249152,0.2902743142144638
0.020075013395249152,0.2907730673316708
0.020146454724057867,0.2907730673316708
0.020146454724057867,0.29177057356608477
0.0202893373816753,0.29177057356608477
0.0202893373816753,0.29226932668329175
0.020325058046079657,0.29226932668329175
0.020325058046079657,0.29276807980049874
0.020360778710484015,0.29276807980049874
0.020360778710484015,0.2937655860349127
0.020539382032505805,0.2937655860349127
0.020539382032505805,0.29825436408977557
0.020646544025718878,0.29825436408977557
0.020646544025718878,0.29875311720698255
0.020896588676549383,0.29875311720698255
0.020896588676549383,0.2997506234413965
0.02100375066976246,0.2997506234413965
0.02100375066976246,0.3002493765586035
0.021039471334166816,0.3002493765586035
0.021039471334166816,0.3012468827930175
0.021075191998571174,0.3012468827930175
0.021075191998571174,0.30174563591022446
0.02128951598499732,0.30174563591022446
0.02128951598499732,0.30224438902743145
0.02143239864261475,0.30224438902743145
0.02143239864261475,0.30324189526184536
0.02146811930701911,0.30324189526184536
0.02146811930701911,0.30374064837905235
0.021611001964636542,0.30374064837905235
0.021611001964636542,0.30423940149625933
0.02182532595106269,0.30423940149625933
0.02182532595106269,0.3047381546134663
0.021861046615467047,0.3047381546134663
0.021861046615467047,0.3052369077306733
0.022075370601893195,0.3052369077306733
0.022075370601893195,0.30623441396508727
0.022182532595106268,0.30623441396508727
0.022182532595106268,0.30673316708229426
0.02221825325951063,0.30673316708229426
0.02221825325951063,0.3082294264339152
0.022253973923914986,0.3082294264339152
0.022253973923914986,0.3087281795511222
0.022468297910341134,0.3087281795511222
0.022468297910341134,0.30972568578553616
0.02250401857474549,0.30972568578553616
0.02250401857474549,0.31022443890274315
0.02253973923914985,0.31022443890274315
0.02253973923914985,0.3112219451371571
0.022611180567958564,0.3112219451371571
0.022611180567958564,0.3127182044887781
0.02264690123236292,0.3127182044887781
0.02264690123236292,0.31321695760598506
0.02268262189676728,0.31321695760598506
0.02268262189676728,0.31371571072319204
0.02271834256117164,0.31371571072319204
0.02271834256117164,0.314214463840399
0.022754063225575997,0.314214463840399
0.022754063225575997,0.314713216957606
0.02282550455438471,0.314713216957606
0.02282550455438471,0.31521197007481294
0.022896945883193427,0.31521197007481294
0.022896945883193427,0.3157107231920199
0.022932666547597784,0.3157107231920199
0.022932666547597784,0.3162094763092269
0.022968387212002145,0.3162094763092269
0.022968387212002145,0.31770573566084787
0.023075549205215217,0.31770573566084787
0.023075549205215217,0.31870324189526184
0.02321843186283265,0.31870324189526184
0.02321843186283265,0.3197007481296758
0.023289873191641365,0.3197007481296758
0.023289873191641365,0.32119700748129676
0.023325593856045723,0.32119700748129676
0.023325593856045723,0.32169576059850374
0.023432755849258795,0.32169576059850374
0.023432755849258795,0.32219451371571073
0.023468476513663156,0.32219451371571073
0.023468476513663156,0.3226932668329177
0.02371852116449366,0.3226932668329177
0.02371852116449366,0.3236907730673317
0.02375424182889802,0.3236907730673317
0.02375424182889802,0.32468827930174565
0.023825683157706733,0.32468827930174565
0.023825683157706733,0.3261845386533666
0.024004286479728524,0.3261845386533666
0.024004286479728524,0.3271820448877805
0.024325772459367744,0.3271820448877805
0.024325772459367744,0.3276807980049875
0.0243614931237721,0.3276807980049875
0.0243614931237721,0.3286783042394015
0.024432934452580816,0.3286783042394015
0.024432934452580816,0.32917705735660846
0.024468655116985177,0.32917705735660846
0.024468655116985177,0.33266832917705735
0.024540096445793892,0.33266832917705735
0.024540096445793892,0.33316708229426434
0.024647258439006964,0.33316708229426434
0.024647258439006964,0.3346633416458853
0.024718699767815683,0.3346633416458853
0.024718699767815683,0.3351620947630923
0.025183068405072333,0.3351620947630923
0.025183068405072333,0.33566084788029926
0.025218789069476694,0.33566084788029926
0.025218789069476694,0.33615960099750625
0.025361671727094123,0.33615960099750625
0.025361671727094123,0.3371571072319202
0.025540275049115914,0.3371571072319202
0.025540275049115914,0.3376558603491272
0.02589748169315949,0.3376558603491272
0.02589748169315949,0.33865336658354117
0.02593320235756385,0.33865336658354117
0.02593320235756385,0.33915211970074816
0.026076085015181282,0.33915211970074816
0.026076085015181282,0.34014962593516207
0.026147526343989997,0.34014962593516207
0.026147526343989997,0.34114713216957604
0.026183247008394354,0.34114713216957604
0.026183247008394354,0.341645885286783
0.026254688337203073,0.341645885286783
0.026254688337203073,0.34214463840399
0.02629040900160743,0.34214463840399
0.02629040900160743,0.343142144638404
0.026361850330416145,0.343142144638404
0.026361850330416145,0.34364089775561096
0.02643329165922486,0.34364089775561096
0.02646901232362922,0.34364089775561096
0.02646901232362922,0.34413965087281795
0.026504732988033578,0.34413965087281795
0.026504732988033578,0.34463840399002493
0.026540453652437936,0.34463840399002493
0.026540453652437936,0.3451371571072319
0.026576174316842293,0.3451371571072319
0.026576174316842293,0.3461346633416459
0.02661189498124665,0.3461346633416459
0.02661189498124665,0.34663341645885287
0.026647615645651008,0.34663341645885287
0.026647615645651008,0.34713216957605986
0.02679049830326844,0.34713216957605986
0.02679049830326844,0.34763092269326684
0.026897660296481513,0.34763092269326684
0.026897660296481513,0.3481296758104738
0.02764779424897303,0.3481296758104738
0.02764779424897303,0.3486284289276808
0.02768351491337739,0.3486284289276808
0.02768351491337739,0.3491271820448878
0.027719235577781748,0.3491271820448878
0.027719235577781748,0.3496259351620948
0.027754956242186105,0.3496259351620948
0.027754956242186105,0.35012468827930177
0.02782639757099482,0.35012468827930177
0.02782639757099482,0.35112219451371574
0.027897838899803535,0.35112219451371574
0.027897838899803535,0.3516209476309227
0.027969280228612253,0.3516209476309227
0.027969280228612253,0.35211970074812965
0.028112162886229683,0.35211970074812965
0.028112162886229683,0.35261845386533663
0.02814788355063404,0.35261845386533663
0.02814788355063404,0.3531172069825436
0.02821932487944276,0.3531172069825436
0.02821932487944276,0.3546134663341646
0.028290766208251474,0.3546134663341646
0.028290766208251474,0.35511221945137156
0.02832648687265583,0.35511221945137156
0.02832648687265583,0.35561097256857854
0.02864797285229505,0.35561097256857854
0.02864797285229505,0.3561097256857855
0.028790855509912484,0.3561097256857855
0.028790855509912484,0.3571072319201995
0.028898017503125557,0.3571072319201995
0.028898017503125557,0.3576059850374065
0.02904090016074299,0.3576059850374065
0.02904090016074299,0.35810473815461347
0.029112341489551705,0.35810473815461347
0.029112341489551705,0.35860349127182045
0.029148062153956062,0.35860349127182045
0.029148062153956062,0.35910224438902744
0.029290944811573495,0.35910224438902744
0.029290944811573495,0.3596009975062344
0.02936238614038221,0.3596009975062344
0.02936238614038221,0.3600997506234414
0.029505268797999643,0.3600997506234414
0.029505268797999643,0.3605985037406484
0.029612430791212715,0.3605985037406484
0.029612430791212715,0.3610972568578554
0.02971959278442579,0.3610972568578554
0.02971959278442579,0.36159600997506236
0.02975531344883015,0.36159600997506236
0.02975531344883015,0.36209476309226934
0.02989819610644758,0.36209476309226934
0.02989819610644758,0.3630922693266833
0.02993391677085194,0.3630922693266833
0.02993391677085194,0.3640897755610973
0.03004107876406501,0.3640897755610973
0.03004107876406501,0.3650872817955112
0.03007679942846937,0.3650872817955112
0.03007679942846937,0.36608478802992517
0.030112520092873726,0.36608478802992517
0.030112520092873726,0.36658354114713215
0.030183961421682445,0.36658354114713215
0.030183961421682445,0.36708229426433914
0.030362564743704232,0.36708229426433914
0.030362564743704232,0.3680798004987531
0.030719771387747813,0.3680798004987531
0.030719771387747813,0.3685785536159601
0.03075549205215217,0.3685785536159601
0.03075549205215217,0.37007481296758105
0.030791212716556528,0.37007481296758105
0.030791212716556528,0.37057356608478803
0.030862654045365243,0.37057356608478803
0.030862654045365243,0.371072319201995
0.0308983747097696,0.371072319201995
0.0308983747097696,0.371571072319202
0.03093409537417396,0.371571072319202
0.03093409537417396,0.37256857855361597
0.031041257367387033,0.37256857855361597
0.031041257367387033,0.37306733167082295
0.03125558135381318,0.37306733167082295
0.03125558135381318,0.3740648379052369
0.03136274334702625,0.3740648379052369
0.03136274334702625,0.3745635910224439
0.03146990534023933,0.3745635910224439
0.03146990534023933,0.3755610972568579
0.03150562600464368,0.3755610972568579
0.03150562600464368,0.3770573566084788
0.031577067333452405,0.3770573566084788
0.031577067333452405,0.37755610972568576
0.03164850866226112,0.37755610972568576
0.03164850866226112,0.37805486284289275
0.031684229326665474,0.37805486284289275
0.031684229326665474,0.37855361596009973
0.032005715306304694,0.37855361596009973
0.032005715306304694,0.3790523690773067
0.03211287729951777,0.3790523690773067
0.03211287729951777,0.3795511221945137
0.032220039292730845,0.3795511221945137
0.032220039292730845,0.3800498753117207
0.0322557599571352,0.3800498753117207
0.0322557599571352,0.38104738154613466
0.032505804607965705,0.38104738154613466
0.032505804607965705,0.38154613466334164
0.03257724593677443,0.38154613466334164
0.03257724593677443,0.3820448877805486
0.03261296660117878,0.3820448877805486
0.03261296660117878,0.3830423940149626
0.032684407929987495,0.3830423940149626
0.032684407929987495,0.38403990024937656
0.03275584925879621,0.38403990024937656
0.03275584925879621,0.38453865336658355
0.03282729058760493,0.38453865336658355
0.03282729058760493,0.38503740648379053
0.03289873191641365,0.38503740648379053
0.03289873191641365,0.3855361596009975
0.033005893909626716,0.3855361596009975
0.033005893909626716,0.3860349127182045
0.03304161457403108,0.3860349127182045
0.03304161457403108,0.3870324189526185
0.03307733523843544,0.3870324189526185
0.03307733523843544,0.38753117206982546
0.03311305590283979,0.38753117206982546
0.03314877656724415,0.38802992518703244
0.03314877656724415,0.38902743142144636
0.033505983211287726,0.38902743142144636
0.033505983211287726,0.38952618453865334
0.03357742454009645,0.38952618453865334
0.03357742454009645,0.3905236907730673
0.03375602786211824,0.3905236907730673
0.03375602786211824,0.3915211970074813
0.03393463118414002,0.3915211970074813
0.03393463118414002,0.39201995012468827
0.03397035184854438,0.39201995012468827
0.03397035184854438,0.39301745635910224
0.0340417931773531,0.39301745635910224
0.0340417931773531,0.3940149625935162
0.03407751384175746,0.3940149625935162
0.03407751384175746,0.3945137157107232
0.03422039649937489,0.3945137157107232
0.03422039649937489,0.3950124688279302
0.03439899982139668,0.3950124688279302
0.03439899982139668,0.39551122194513716
0.03443472048580103,0.39551122194513716
0.03443472048580103,0.39600997506234414
0.034506161814609755,0.39600997506234414
0.034506161814609755,0.39650872817955113
0.034613323807822824,0.39650872817955113
0.034613323807822824,0.3975062344139651
0.034649044472227185,0.3975062344139651
0.034649044472227185,0.3980049875311721
0.0347204858010359,0.3980049875311721
0.0347204858010359,0.39950124688279304
0.034791927129844614,0.39950124688279304
0.034791927129844614,0.4
0.034970530451866405,0.4
0.034970530451866405,0.400997506234414
0.035006251116270766,0.400997506234414
0.035006251116270766,0.4014962593516209
0.03507769244507948,0.4014962593516209
0.03507769244507948,0.4019950124688279
0.03522057510269691,0.4019950124688279
0.03522057510269691,0.4024937655860349
0.035434899089123055,0.4024937655860349
0.035434899089123055,0.4029925187032419
0.035470619753527416,0.4029925187032419
0.035470619753527416,0.40349127182044886
0.03589926772637971,0.40349127182044886
0.03589926772637971,0.40448877805486283
0.035934988390784066,0.40448877805486283
0.035934988390784066,0.4049875311720698
0.0360778710484015,0.4049875311720698
0.0360778710484015,0.4059850374064838
0.036113591712805856,0.4059850374064838
0.036113591712805856,0.40698254364089775
0.03614931237721022,0.40698254364089775
0.03614931237721022,0.4079800498753117
0.03618503304161457,0.4079800498753117
0.03618503304161457,0.4084788029925187
0.03636363636363636,0.4084788029925187
0.03636363636363636,0.4089775561097257
0.03647079835684944,0.4089775561097257
0.03647079835684944,0.4094763092269327
0.03654223968565815,0.4094763092269327
0.03654223968565815,0.41047381546134665
0.03679228433648866,0.41047381546134665
0.03679228433648866,0.41097256857855363
0.037078049651723524,0.41097256857855363
0.037078049651723524,0.4114713216957606
0.03714949098053224,0.4114713216957606
0.03714949098053224,0.4124688279301746
0.037256652973745315,0.4124688279301746
0.037256652973745315,0.41296758104738157
0.037542418288980174,0.41296758104738157
0.037542418288980174,0.41346633416458856
0.037756742275406326,0.41346633416458856
0.037756742275406326,0.41446384039900247
0.03779246293981068,0.41446384039900247
0.03779246293981068,0.41496259351620945
0.038042507590641185,0.41496259351620945
0.038042507590641185,0.41546134663341644
0.038185390248258615,0.41546134663341644
0.038185390248258615,0.4159600997506234
0.038221110912662976,0.4159600997506234
0.038221110912662976,0.4164588528678304
0.038256831577067336,0.4164588528678304
0.038256831577067336,0.4169576059850374
0.03843543489908912,0.4169576059850374
0.03843543489908912,0.41795511221945136
0.0387926415431327,0.41795511221945136
0.0387926415431327,0.41845386533665835
0.03889980353634578,0.41845386533665835
0.03889980353634578,0.41895261845386533
0.03893552420075013,0.41895261845386533
0.03893552420075013,0.4199501246882793
0.03897124486515449,0.4199501246882793
0.03897124486515449,0.4204488778054863
0.03907840685836757,0.4204488778054863
0.03907840685836757,0.42094763092269327
0.03914984818717628,0.42094763092269327
0.03914984818717628,0.42144638403990026
0.03929273084479371,0.42144638403990026
0.03929273084479371,0.42194513715710724
0.03932845150919807,0.42194513715710724
0.03932845150919807,0.4224438902743142
0.03943561350241114,0.4224438902743142
0.03943561350241114,0.4229426433915212
0.039507054831219864,0.4229426433915212
0.039507054831219864,0.4234413965087282
0.03964993748883729,0.4234413965087282
0.03964993748883729,0.4239401496259352
0.039828540810859084,0.4239401496259352
0.039828540810859084,0.42443890274314217
0.03986426147526344,0.42443890274314217
0.03986426147526344,0.42493765586034915
0.040007144132880874,0.42493765586034915
0.040007144132880874,0.42643391521197005
0.04011430612609394,0.42643391521197005
0.04011430612609394,0.42693266832917703
0.040150026790498304,0.42693266832917703
0.040150026790498304,0.427431421446384
0.040328630112520095,0.427431421446384
0.040328630112520095,0.427930174563591
0.04036435077692445,0.427930174563591
0.04036435077692445,0.428428927680798
0.040614395427754954,0.428428927680798
0.040614395427754954,0.428927680798005
0.04072155742096803,0.428927680798005
0.04072155742096803,0.42942643391521196
0.040828719414181106,0.42942643391521196
0.040828719414181106,0.42992518703241894
0.041007322736202896,0.42992518703241894
0.041007322736202896,0.4304239401496259
0.04140025004465083,0.4304239401496259
0.04140025004465083,0.4309226932668329
0.041614574031076976,0.4309226932668329
0.041614574031076976,0.4314214463840399
0.041793177353098766,0.4314214463840399
0.041793177353098766,0.43241895261845387
0.04186461868190748,0.43241895261845387
0.04186461868190748,0.43291770573566085
0.04207894266833363,0.43291770573566085
0.04207894266833363,0.43341645885286784
0.04229326665475978,0.43341645885286784
0.04229326665475978,0.4339152119700748
0.04240042864797285,0.4339152119700748
0.04240042864797285,0.4344139650872818
0.04250759064118593,0.4344139650872818
0.04250759064118593,0.4354114713216958
0.04272191462761207,0.4354114713216958
0.04272191462761207,0.43591022443890276
0.042757635292016434,0.43591022443890276
0.042757635292016434,0.43690773067331673
0.04279335595642079,0.43690773067331673
0.04279335595642079,0.4374064837905237
0.04282907662082515,0.4374064837905237
0.04282907662082515,0.4379052369077307
0.042900517949633864,0.4379052369077307
0.042900517949633864,0.4389027431421446
0.04297195927844258,0.4389027431421446
0.04297195927844258,0.4399002493765586
0.04350776924450795,0.4399002493765586
0.04350776924450795,0.44039900249376557
0.043579210573316665,0.44039900249376557
0.043579210573316665,0.44089775561097255
0.04361493123772102,0.44089775561097255
0.04361493123772102,0.4418952618453865
0.04382925522414717,0.4418952618453865
0.04382925522414717,0.4423940149625935
0.043936417217360246,0.4423940149625935
0.043936417217360246,0.4428927680798005
0.04411502053938203,0.4428927680798005
0.04411502053938203,0.4433915211970075
0.044400785854616896,0.4433915211970075
0.044400785854616896,0.44389027431421446
0.04443650651902126,0.44389027431421446
0.04443650651902126,0.44438902743142145
0.04450794784782997,0.44438902743142145
0.04450794784782997,0.44488778054862843
0.04490087515627791,0.44488778054862843
0.04490087515627791,0.4453865336658354
0.04518664047151277,0.4453865336658354
0.04518664047151277,0.4458852867830424
0.04540096445793892,0.4458852867830424
0.04540096445793892,0.4463840399002494
0.04543668512234328,0.4463840399002494
0.04543668512234328,0.44688279301745637
0.04565100910876942,0.44688279301745637
0.04565100910876942,0.44738154613466335
0.0457581711019825,0.44738154613466335
0.0457581711019825,0.4483790523690773
0.04586533309519557,0.4483790523690773
0.04586533309519557,0.4488778054862843
0.04590105375959993,0.4488778054862843
0.04590105375959993,0.4498753117206983
0.04593677442400429,0.4498753117206983
0.04593677442400429,0.45037406483790526
0.046186819074834795,0.45037406483790526
0.046186819074834795,0.4508728179551122
0.04622253973923915,0.4508728179551122
0.04622253973923915,0.45236907730673315
0.04672262904090016,0.45236907730673315
0.04672262904090016,0.45286783042394013
0.04686551169851759,0.45286783042394013
0.04686551169851759,0.4533665835411471
0.04690123236292195,0.4533665835411471
0.04690123236292195,0.4543640897755611
0.046972673691730665,0.4543640897755611
0.046972673691730665,0.45536159600997506
0.047151277013752456,0.45536159600997506
0.047151277013752456,0.45586034912718204
0.047329880335774246,0.45586034912718204
0.047329880335774246,0.456359102244389
0.04743704232898732,0.456359102244389
0.04743704232898732,0.456857855361596
0.04772280764422218,0.456857855361596
0.04772280764422218,0.457356608478803
0.04800857295945705,0.457356608478803
0.04800857295945705,0.45835411471321696
0.04811573495267012,0.45835411471321696
0.04811573495267012,0.45885286783042395
0.04829433827469191,0.45885286783042395
0.04829433827469191,0.45935162094763093
0.048437220932309344,0.45935162094763093
0.048437220932309344,0.4603491271820449
0.04854438292552241,0.4603491271820449
0.04854438292552241,0.4608478802992519
0.048580103589926774,0.4608478802992519
0.048580103589926774,0.4613466334164589
0.04897303089837471,0.4613466334164589
0.04897303089837471,0.46184538653366586
0.04900875156277907,0.46184538653366586
0.04900875156277907,0.46234413965087284
0.049258796213609575,0.46234413965087284
0.049258796213609575,0.4628428927680798
0.04965172352205751,0.4628428927680798
0.04965172352205751,0.46334164588528676
0.04968744418646187,0.46334164588528676
0.04968744418646187,0.46384039900249374
0.050044650830505445,0.46384039900249374
0.050044650830505445,0.4653366583541147
0.05033041614574031,0.4653366583541147
0.05033041614574031,0.4658354114713217
0.05100910876942311,0.4658354114713217
0.05100910876942311,0.46633416458852867
0.05104482943382747,0.46633416458852867
0.05104482943382747,0.46683291770573565
0.051187712091444904,0.46683291770573565
0.051187712091444904,0.46733167082294264
0.05125915342025362,0.46733167082294264
0.05125915342025362,0.4678304239401496
0.05154491873548848,0.4678304239401496
0.05154491873548848,0.4688279301745636
0.051687801393105914,0.4688279301745636
0.051687801393105914,0.4693266832917706
0.0518664047151277,0.4693266832917706
0.0518664047151277,0.46982543640897756
0.05190212537953206,0.46982543640897756
0.05190212537953206,0.47032418952618454
0.05193784604393642,0.47032418952618454
0.05193784604393642,0.4718204488778055
0.05222361135917128,0.4718204488778055
0.05222361135917128,0.4723192019950125
0.05225933202357564,0.4723192019950125
0.05225933202357564,0.47281795511221947
0.052330773352384355,0.47281795511221947
0.052330773352384355,0.47331670822942645
0.05240221468119307,0.47331670822942645
0.05240221468119307,0.47381546134663344
0.0525450973388105,0.47381546134663344
0.0525450973388105,0.4743142144638404
0.05308090730487587,0.4743142144638404
0.05308090730487587,0.4748129675810474
0.05318806929808895,0.4748129675810474
0.05318806929808895,0.47531172069825434
0.05336667262011074,0.47531172069825434
0.05336667262011074,0.4758104738154613
0.05358099660653688,0.4758104738154613
0.05358099660653688,0.4763092269326683
0.05368815859974996,0.4763092269326683
0.05368815859974996,0.4768079800498753
0.05383104125736739,0.4768079800498753
0.05383104125736739,0.47780548628428926
0.054116806572602254,0.47780548628428926
0.054116806572602254,0.47830423940149625
0.054438292552241474,0.47830423940149625
0.054438292552241474,0.47880299251870323
0.05479549919628505,0.47880299251870323
0.05479549919628505,0.4798004987531172
0.055045543847115554,0.4798004987531172
0.055045543847115554,0.4802992518703242
0.055081264511519915,0.4802992518703242
0.055081264511519915,0.48129675810473815
0.05515270584032863,0.48129675810473815
0.05515270584032863,0.4822942643391521
0.055259867833541705,0.4822942643391521
0.055259867833541705,0.4827930174563591
0.055438471155563496,0.4827930174563591
0.055438471155563496,0.4832917705735661
0.05547419181996785,0.4832917705735661
0.05547419181996785,0.4837905236907731
0.055545633148776564,0.4837905236907731
0.055545633148776564,0.48428927680798006
0.055759957135202716,0.48428927680798006
0.055759957135202716,0.485785536159601
0.05583139846401143,0.485785536159601
0.05583139846401143,0.486284289276808
0.05597428112162886,0.486284289276808
0.05597428112162886,0.486783042394015
0.05615288444365065,0.486783042394015
0.05615288444365065,0.48728179551122197
0.0563672084300768,0.48728179551122197
0.0563672084300768,0.4877805486284289
0.05658153241650295,0.4877805486284289
0.05658153241650295,0.4882793017456359
0.05661725308090731,0.4882793017456359
0.05661725308090731,0.48877805486284287
0.057188783711377034,0.48877805486284287
0.057188783711377034,0.48927680798004985
0.0572959457045901,0.48927680798004985
0.0572959457045901,0.48977556109725684
0.05743882836220754,0.48977556109725684
0.05743882836220754,0.4902743142144638
0.05747454902661189,0.4902743142144638
0.05747454902661189,0.4907730673316708
0.0577245936774424,0.4907730673316708
0.0577245936774424,0.4912718204488778
0.05790319699946419,0.4912718204488778
0.05790319699946419,0.4917705735660848
0.057974638328272904,0.4917705735660848
0.057974638328272904,0.49226932668329176
0.058010358992677265,0.49226932668329176
0.058010358992677265,0.49276807980049875
0.05811752098589034,0.49276807980049875
0.05811752098589034,0.49326683291770573
0.058153241650294694,0.49326683291770573
0.058153241650294694,0.4937655860349127
0.058296124307912124,0.4937655860349127
0.058296124307912124,0.4942643391521197
0.058474727629933915,0.4942643391521197
0.058474727629933915,0.4947630922693267
0.05854616895874263,0.4947630922693267
0.05854616895874263,0.4952618453865337
0.05890337560278621,0.4952618453865337
0.05890337560278621,0.49576059850374066
0.05911769958921236,0.49576059850374066
0.05911769958921236,0.49625935162094764
0.05933202357563851,0.49625935162094764
0.05933202357563851,0.4967581047381546
0.05961778889087337,0.4967581047381546
0.05961778889087337,0.4972568578553616
0.05972495088408644,0.4972568578553616
0.05972495088408644,0.4977556109725686
0.06001071619932131,0.4977556109725686
0.06001071619932131,0.4982543640897756
0.06029648151455617,0.4982543640897756
0.06029648151455617,0.49875311720698257
0.06065368815859975,0.49875311720698257
0.06065368815859975,0.49925187032418955
0.060760850151812824,0.49925187032418955
0.060760850151812824,0.49975062344139654
0.06097517413823897,0.49975062344139654
0.06097517413823897,0.5002493765586035
0.061118056795856406,0.5002493765586035
0.061118056795856406,0.5007481296758105
0.061546704768708695,0.5007481296758105
0.061546704768708695,0.5012468827930174
0.06193963207715664,0.5012468827930174
0.06193963207715664,0.5022443890274314
0.06233255938560457,0.5022443890274314
0.06233255938560457,0.5027431421446384
0.06236828005000893,0.5027431421446384
0.06236828005000893,0.5032418952618454
0.0627254866940525,0.5032418952618454
0.0627254866940525,0.5042394014962593
0.06279692802286123,0.5042394014962593
0.06279692802286123,0.5047381546134664
0.06301125200928737,0.5047381546134664
0.06301125200928737,0.5052369077306733
0.06340417931773532,0.5052369077306733
0.06340417931773532,0.5062344139650873
0.06354706197535274,0.5062344139650873
0.06354706197535274,0.5067331670822942
0.06419003393463119,0.5067331670822942
0.06419003393463119,0.5072319201995013
0.06429719592784426,0.5072319201995013
0.06429719592784426,0.5077306733167082
0.06447579924986604,0.5077306733167082
0.06447579924986604,0.5082294264339152
0.06454724057867477,0.5082294264339152
0.06454724057867477,0.5087281795511222
0.06504732988033578,0.5087281795511222
0.06504732988033578,0.5092269326683292
0.06508305054474013,0.5092269326683292
0.06508305054474013,0.5102244389027432
0.06526165386676192,0.5102244389027432
0.06526165386676192,0.5107231920199501
0.06529737453116628,0.5107231920199501
0.06529737453116628,0.5112219451371571
0.06536881585997499,0.5112219451371571
0.06536881585997499,0.5117206982543641
0.06540453652437936,0.5117206982543641
0.06540453652437936,0.5122194513715711
0.06547597785318807,0.5122194513715711
0.06547597785318807,0.513715710723192
0.06554741918199679,0.513715710723192
0.06554741918199679,0.514214463840399
0.06558313984640114,0.514214463840399
0.06569030183961422,0.514214463840399
0.06569030183961422,0.514713216957606
0.065868905161636,0.514713216957606
0.065868905161636,0.515211970074813
0.06597606715484908,0.515211970074813
0.0660475084836578,0.515211970074813
0.06615467047687087,0.515211970074813
0.06615467047687087,0.516209476309227
0.06640471512770138,0.516209476309227
0.06640471512770138,0.517206982543641
0.06683336310055367,0.517206982543641
0.06683336310055367,0.5177057356608479
0.06690480442936239,0.5177057356608479
0.06690480442936239,0.5182044887780549
0.06694052509376675,0.5182044887780549
0.06694052509376675,0.5187032418952618
0.06701196642257545,0.5187032418952618
0.06701196642257545,0.5192019950124688
0.06711912841578853,0.5192019950124688
0.06711912841578853,0.5197007481296758
0.06733345240221468,0.5197007481296758
0.06733345240221468,0.5201995012468827
0.06761921771744954,0.5201995012468827
0.06761921771744954,0.5211970074812967
0.06769065904625826,0.5211970074812967
0.06769065904625826,0.5216957605985038
0.06786926236828004,0.5216957605985038
0.06786926236828004,0.5221945137157107
0.06872655831398464,0.5221945137157107
0.06872655831398464,0.5226932668329177
0.06890516163600643,0.5226932668329177
0.06890516163600643,0.5236907730673317
0.06908376495802822,0.5236907730673317
0.06908376495802822,0.5246882793017457
0.06922664761564565,0.5246882793017457
0.06922664761564565,0.5256857855361596
0.06929808894445437,0.5256857855361596
0.06929808894445437,0.5266832917705736
0.06933380960885872,0.5266832917705736
0.06933380960885872,0.5271820448877805
0.06951241293088052,0.5271820448877805
0.06951241293088052,0.5276807980049876
0.06961957492409358,0.5276807980049876
0.06961957492409358,0.5281795511221945
0.06983389891051973,0.5281795511221945
0.06983389891051973,0.5286783042394015
0.06986961957492409,0.5286783042394015
0.06986961957492409,0.5296758104738155
0.06994106090373281,0.5296758104738155
0.06994106090373281,0.5301745635910224
0.07008394356135024,0.5301745635910224
0.07008394356135024,0.5311720698254364
0.07026254688337204,0.5311720698254364
0.07026254688337204,0.5316708229426433
0.07029826754777639,0.5316708229426433
0.07029826754777639,0.5326683291770573
0.07040542954098947,0.5326683291770573
0.07040542954098947,0.5331670822942643
0.0705483121986069,0.5331670822942643
0.0705483121986069,0.5336658354114713
0.07076263618503305,0.5336658354114713
0.07076263618503305,0.5341645885286783
0.0707983568494374,0.5341645885286783
0.0707983568494374,0.5346633416458852
0.07090551884265048,0.5346633416458852
0.07090551884265048,0.5356608478802992
0.07194141811037685,0.5356608478802992
0.07194141811037685,0.5361596009975063
0.07204858010358993,0.5361596009975063
0.07204858010358993,0.5366583541147132
0.07208430076799428,0.5366583541147132
0.07208430076799428,0.5376558603491272
0.07240578674763351,0.5376558603491272
0.07240578674763351,0.5381546134663342
0.0725843900696553,0.5381546134663342
0.0725843900696553,0.5391521197007482
0.07279871405608145,0.5391521197007482
0.07279871405608145,0.5396508728179551
0.0728344347204858,0.5396508728179551
0.0728344347204858,0.5401496259351621
0.07297731737810323,0.5401496259351621
0.07297731737810323,0.5406483790523691
0.0730844793713163,0.5406483790523691
0.0730844793713163,0.5411471321695761
0.07344168601535989,0.5411471321695761
0.07344168601535989,0.541645885286783
0.07351312734416861,0.541645885286783
0.07351312734416861,0.542643391521197
0.07383461332380782,0.542643391521197
0.07383461332380782,0.543142144638404
0.07390605465261654,0.543142144638404
0.07390605465261654,0.543640897755611
0.07412037863904268,0.543640897755611
0.07412037863904268,0.5441396508728179
0.0741918199678514,0.5441396508728179
0.0741918199678514,0.5446384039900249
0.07444186461868191,0.5446384039900249
0.07444186461868191,0.5451371571072319
0.07472762993391677,0.5451371571072319
0.07472762993391677,0.5456359102244389
0.07476335059832113,0.5456359102244389
0.07476335059832113,0.5461346633416458
0.07490623325593856,0.5461346633416458
0.07490623325593856,0.5466334164588529
0.07497767458474727,0.5466334164588529
0.07497767458474727,0.5471321695760598
0.07508483657796035,0.5471321695760598
0.07508483657796035,0.5476309226932669
0.07519199857117342,0.5476309226932669
0.07519199857117342,0.5481296758104738
0.07572780853723879,0.5481296758104738
0.07572780853723879,0.5486284289276808
0.07619217717449545,0.5486284289276808
0.07619217717449545,0.5491271820448878
0.0764065011609216,0.5491271820448878
0.0764065011609216,0.5501246882793017
0.07644222182532595,0.5501246882793017
0.07644222182532595,0.5506234413965088
0.07676370780496518,0.5506234413965088
0.07676370780496518,0.5511221945137157
0.07683514913377389,0.5511221945137157
0.07683514913377389,0.5516209476309227
0.07697803179139132,0.5516209476309227
0.07697803179139132,0.5521197007481297
0.07704947312020004,0.5521197007481297
0.07704947312020004,0.5526184538653367
0.0775138417574567,0.5526184538653367
0.0775138417574567,0.5531172069825436
0.0777638864082872,0.5531172069825436
0.0777638864082872,0.5536159600997507
0.07790676906590463,0.5536159600997507
0.07790676906590463,0.5556109725685785
0.07815681371673514,0.5556109725685785
0.07815681371673514,0.5561097256857855
0.07851402036077872,0.5561097256857855
0.07851402036077872,0.5566084788029925
0.07862118235399178,0.5566084788029925
0.07862118235399178,0.5576059850374064
0.07958564029290945,0.5576059850374064
0.07958564029290945,0.5581047381546135
0.07983568494373995,0.5581047381546135
0.07983568494373995,0.5600997506234414
0.08012145025897481,0.5600997506234414
0.08012145025897481,0.5610972568578554
0.08015717092337918,0.5610972568578554
0.08015717092337918,0.5615960099750623
0.08030005358099661,0.5615960099750623
0.08030005358099661,0.5620947630922694
0.08058581889623147,0.5620947630922694
0.08058581889623147,0.5625935162094763
0.0809787462046794,0.5625935162094763
0.0809787462046794,0.5635910224438903
0.0814073941775317,0.5635910224438903
0.0814073941775317,0.5650872817955113
0.08169315949276656,0.5650872817955113
0.08169315949276656,0.5655860349127182
0.08190748347919272,0.5655860349127182
0.08190748347919272,0.5660847880299252
0.08244329344525808,0.5660847880299252
0.08244329344525808,0.5665835411471322
0.08262189676727986,0.5665835411471322
0.08262189676727986,0.5675810473815461
0.08269333809608859,0.5675810473815461
0.08269333809608859,0.5680798004987531
0.08287194141811037,0.5680798004987531
0.08287194141811037,0.5685785536159601
0.08294338274691909,0.5685785536159601
0.08294338274691909,0.569077306733167
0.08315770673334524,0.569077306733167
0.08315770673334524,0.5695760598503741
0.08469369530273263,0.5695760598503741
0.08469369530273263,0.570074812967581
0.08505090194677621,0.570074812967581
0.08505090194677621,0.570573566084788
0.08515806393998929,0.570573566084788
0.08515806393998929,0.571072319201995
0.08526522593320236,0.571072319201995
0.08526522593320236,0.571571072319202
0.08540810859081979,0.571571072319202
0.08540810859081979,0.5720698254364089
0.08544382925522415,0.5720698254364089
0.08544382925522415,0.572568578553616
0.0854795499196285,0.572568578553616
0.0854795499196285,0.5730673316708229
0.08594391855688516,0.5730673316708229
0.08594391855688516,0.57356608478803
0.08690837649580282,0.57356608478803
0.08690837649580282,0.5740648379052369
0.08697981782461153,0.5740648379052369
0.08697981782461153,0.5745635910224439
0.08737274513305948,0.5745635910224439
0.08737274513305948,0.5750623441396508
0.0876942311126987,0.5750623441396508
0.0876942311126987,0.5755610972568579
0.08776567244150742,0.5755610972568579
0.08776567244150742,0.5760598503740648
0.08780139310591177,0.5760598503740648
0.08780139310591177,0.5765586034912719
0.08815859974995535,0.5765586034912719
0.08815859974995535,0.5770573566084788
0.08826576174316843,0.5770573566084788
0.08826576174316843,0.5780548628428928
0.08844436506519021,0.5780548628428928
0.08844436506519021,0.5785536159600998
0.08848008572959457,0.5785536159600998
0.08848008572959457,0.5790523690773067
0.08851580639399893,0.5790523690773067
0.08851580639399893,0.5800498753117207
0.08865868905161636,0.5800498753117207
0.08865868905161636,0.5805486284289276
0.08876585104482944,0.5805486284289276
0.08876585104482944,0.5810473815461347
0.08955170566172531,0.5810473815461347
0.08973030898374709,0.5810473815461347
0.08990891230576889,0.5810473815461347
0.08990891230576889,0.5815461346633416
0.0899803536345776,0.5815461346633416
0.0899803536345776,0.5820448877805486
0.09030183961421683,0.5820448877805486
0.09030183961421683,0.5825436408977556
0.09033756027862118,0.5825436408977556
0.09033756027862118,0.5830423940149626
0.09044472227183425,0.5830423940149626
0.09044472227183425,0.5835411471321695
0.09051616360064298,0.5835411471321695
0.09051616360064298,0.5840399002493766
0.0906590462582604,0.5840399002493766
0.0906590462582604,0.5845386533665835
0.09073048758706911,0.5845386533665835
0.09073048758706911,0.5850374064837905
0.09083764958028219,0.5850374064837905
0.09083764958028219,0.5855361596009975
0.09094481157349527,0.5855361596009975
0.09094481157349527,0.5865336658354114
0.09137345954634757,0.5865336658354114
0.09148062153956063,0.5865336658354114
0.091516342203965,0.5865336658354114
0.091516342203965,0.5870324189526185
0.09162350419717807,0.5870324189526185
0.09162350419717807,0.5875311720698254
0.09190926951241293,0.5875311720698254
0.09190926951241293,0.5885286783042394
0.09208787283443472,0.5885286783042394
0.09208787283443472,0.5890274314214464
0.09237363814966959,0.5890274314214464
0.09237363814966959,0.5895261845386534
0.09240935881407394,0.5895261845386534
0.09240935881407394,0.5900249376558604
0.09326665475977854,0.5900249376558604
0.09326665475977854,0.5905236907730673
0.09383818539024825,0.5905236907730673
0.09383818539024825,0.5910224438902744
0.09394534738346133,0.5910224438902744
0.09394534738346133,0.5915211970074813
0.0940525093766744,0.5915211970074813
0.0940525093766744,0.5920199501246883
0.09408823004107876,0.5920199501246883
0.09408823004107876,0.5925187032418953
0.09548133595284872,0.5925187032418953
0.09548133595284872,0.5930174563591022
0.09569565993927487,0.5930174563591022
0.09569565993927487,0.5935162094763092
0.09587426326129667,0.5935162094763092
0.09587426326129667,0.5945137157107232
0.09605286658331845,0.5945137157107232
0.09605286658331845,0.5950124688279301
0.09619574924093588,0.5950124688279301
0.09619574924093588,0.5955112219451372
0.09637435256295768,0.5955112219451372
0.09637435256295768,0.5960099750623441
0.09666011787819254,0.5960099750623441
0.09666011787819254,0.5965087281795511
0.09676727987140561,0.5965087281795511
0.09676727987140561,0.5970074812967581
0.09687444186461869,0.5970074812967581
0.09687444186461869,0.598004987531172
0.09705304518664047,0.598004987531172
0.09705304518664047,0.5985037406483791
0.09730308983747098,0.5985037406483791
0.09730308983747098,0.599002493765586
0.09787462046794071,0.599002493765586
0.09787462046794071,0.599501246882793
0.09851759242721915,0.599501246882793
0.09851759242721915,0.6
0.09858903375602786,0.6
0.09858903375602786,0.600498753117207
0.09869619574924093,0.600498753117207
0.09876763707804966,0.600498753117207
0.09876763707804966,0.600997506234414
0.09894624040007144,0.600997506234414
0.09894624040007144,0.601496259351621
0.09919628505090194,0.601496259351621
0.09919628505090194,0.6019950124688279
0.0992320057153063,0.6019950124688279
0.0992320057153063,0.602493765586035
0.0996606536881586,0.602493765586035
0.0996606536881586,0.6034912718204489
0.09969637435256296,0.6034912718204489
0.09969637435256296,0.6039900249376559
0.09998213966779781,0.6039900249376559
0.10005358099660654,0.6039900249376559
0.10012502232541526,0.6039900249376559
0.10012502232541526,0.6044887780548629
0.10016074298981961,0.6044887780548629
0.10016074298981961,0.6049875311720698
0.10055367029826755,0.6049875311720698
0.10055367029826755,0.6054862842892768
0.10087515627790677,0.6054862842892768
0.10087515627790677,0.6059850374064838
0.10091087694231113,0.6059850374064838
0.10091087694231113,0.6064837905236907
0.10098231827111984,0.6064837905236907
0.10098231827111984,0.6069825436408978
0.10108948026433291,0.6069825436408978
0.10108948026433291,0.6074812967581047
0.10123236292195034,0.6074812967581047
0.10123236292195034,0.6079800498753117
0.10180389355242007,0.6079800498753117
0.10180389355242007,0.6084788029925187
0.10191105554563315,0.6084788029925187
0.10191105554563315,0.6089775561097257
0.10216110019646366,0.6089775561097257
0.10216110019646366,0.6094763092269326
0.10237542418288981,0.6094763092269326
0.10237542418288981,0.6099750623441397
0.10269691016252902,0.6099750623441397
0.10269691016252902,0.6104738154613466
0.10276835149133774,0.6104738154613466
0.10276835149133774,0.6114713216957606
0.1030541168065726,0.6114713216957606
0.1030541168065726,0.6119700748129676
0.10366136810144669,0.6119700748129676
0.10366136810144669,0.6124688279301745
0.10369708876585104,0.6124688279301745
0.10369708876585104,0.6129675810473816
0.10437578138953385,0.6129675810473816
0.10437578138953385,0.6134663341645885
0.10459010537595999,0.6134663341645885
0.10459010537595999,0.6139650872817956
0.10480442936238614,0.6139650872817956
0.10480442936238614,0.6144638403990025
0.10505447401321664,0.6144638403990025
0.10505447401321664,0.6149625935162095
0.1053402393284515,0.6149625935162095
0.1053402393284515,0.6154613466334165
0.10601893195213431,0.6154613466334165
0.10601893195213431,0.6159600997506235
0.10626897660296482,0.6159600997506235
0.10626897660296482,0.6164588528678304
0.1063761385961779,0.6164588528678304
0.10655474191819968,0.6174563591022444
0.1066261832470084,0.6174563591022444
0.1066261832470084,0.6179551122194513
0.10701911055545633,0.6179551122194513
0.10701911055545633,0.6184538653366584
0.10787640650116093,0.6184538653366584
0.10787640650116093,0.6189526184538653
0.10823361314520451,0.6189526184538653
0.10823361314520451,0.6199501246882793
0.10855509912484372,0.6199501246882793
0.10855509912484372,0.6209476309226932
0.10869798178246115,0.6209476309226932
0.10869798178246115,0.6214463840399003
0.10873370244686552,0.6214463840399003
0.10873370244686552,0.6219451371571072
0.10876942311126987,0.6219451371571072
0.10876942311126987,0.6224438902743142
0.10944811573495267,0.6224438902743142
0.10944811573495267,0.6229426433915212
0.1098410430434006,0.6229426433915212
0.10987676370780497,0.6234413965087282
0.11037685300946598,0.6234413965087282
0.11037685300946598,0.6239401496259351
0.11044829433827469,0.6239401496259351
0.11044829433827469,0.6244389027431422
0.11076978031791392,0.6244389027431422
0.11076978031791392,0.6249376558603491
0.11144847294159671,0.6249376558603491
0.11144847294159671,0.6254364089775561
0.11162707626361851,0.6254364089775561
0.11162707626361851,0.6264339152119701
0.11180567958564029,0.6264339152119701
0.11180567958564029,0.626932668329177
0.11184140025004465,0.626932668329177
0.11184140025004465,0.6274314214463841
0.11194856224325772,0.6274314214463841
0.11194856224325772,0.627930174563591
0.11209144490087515,0.627930174563591
0.11209144490087515,0.628927680798005
0.11252009287372745,0.628927680798005
0.11255581353813181,0.629426433915212
0.11284157885336667,0.629426433915212
0.11284157885336667,0.629925187032419
0.11352027147704948,0.629925187032419
0.11352027147704948,0.6304239401496259
0.11423468476513664,0.6304239401496259
0.11423468476513664,0.6309226932668329
0.11469905340239328,0.6309226932668329
0.11469905340239328,0.6314214463840399
0.11480621539560636,0.6314214463840399
0.11480621539560636,0.6319201995012469
0.11512770137524558,0.6319201995012469
0.11512770137524558,0.6324189526184538
0.11584211466333273,0.6324189526184538
0.11584211466333273,0.6329177057356609
0.1161278799785676,0.6329177057356609
0.11616360064297196,0.6334164588528678
0.11619932130737631,0.6334164588528678
0.11619932130737631,0.6339152119700748
0.11627076263618503,0.6339152119700748
0.11627076263618503,0.6344139650872818
0.11637792462939811,0.6344139650872818
0.11637792462939811,0.6354114713216957
0.11659224861582425,0.6354114713216957
0.11659224861582425,0.6359102244389028
0.11687801393105912,0.6359102244389028
0.11687801393105912,0.6364089775561097
0.1172352205751027,0.6364089775561097
0.1172352205751027,0.6369077306733167
0.11752098589033756,0.6369077306733167
0.11752098589033756,0.6374064837905237
0.11859260582246829,0.6374064837905237
0.11859260582246829,0.6379052369077307
0.11869976781568137,0.6379052369077307
0.11869976781568137,0.6384039900249376
0.11873548848008574,0.6389027431421447
0.11912841578853367,0.6389027431421447
0.11912841578853367,0.6394014962593516
0.11916413645293802,0.6394014962593516
0.11916413645293802,0.6399002493765586
0.11987854974102519,0.6399002493765586
0.11987854974102519,0.6403990024937656
0.11991427040542954,0.6403990024937656
0.11991427040542954,0.6408977556109726
0.12016431505626005,0.6408977556109726
0.12016431505626005,0.6413965087281795
0.12077156635113413,0.6413965087281795
0.12077156635113413,0.6418952618453866
0.12220039292730844,0.6418952618453866
0.12220039292730844,0.6423940149625935
0.12252187890694767,0.6423940149625935
0.12252187890694767,0.6433915211970075
0.12305768887301304,0.6433915211970075
0.12305768887301304,0.6438902743142144
0.12373638149669584,0.6438902743142144
0.12373638149669584,0.6443890274314215
0.1240221468119307,0.6443890274314215
0.1240221468119307,0.6448877805486284
0.12448651544918736,0.6448877805486284
0.12448651544918736,0.6453865336658354
0.1253080907304876,0.6453865336658354
0.1253080907304876,0.6458852867830424
0.12534381139489195,0.6458852867830424
0.12541525272370066,0.6458852867830424
0.125450973388105,0.6458852867830424
0.125450973388105,0.6463840399002494
0.12548669405250937,0.6463840399002494
0.12548669405250937,0.6468827930174563
0.12566529737453117,0.6468827930174563
0.12566529737453117,0.6473815461346634
0.12577245936774423,0.6473815461346634
0.12577245936774423,0.6478802992518703
0.12605822468297911,0.6478802992518703
0.12605822468297911,0.6488778054862843
0.12609394534738347,0.6488778054862843
0.12609394534738347,0.6493765586034913
0.1267369173066619,0.6493765586034913
0.1267369173066619,0.6498753117206982
0.12755849258796215,0.6498753117206982
0.12755849258796215,0.6503740648379053
0.1275942132523665,0.6503740648379053
0.1275942132523665,0.6508728179551122
0.12770137524557956,0.6508728179551122
0.12770137524557956,0.6513715710723192
0.12805858188962316,0.6513715710723192
0.12805858188962316,0.6518703241895262
0.12838006786926237,0.6518703241895262
0.12838006786926237,0.6528678304239401
0.12848722986247543,0.6528678304239401
0.12855867119128417,0.6533665835411472
0.12880871584211467,0.6533665835411472
0.12880871584211467,0.6538653366583541
0.12909448115734953,0.6538653366583541
0.12909448115734953,0.654364089775561
0.12941596713698875,0.654364089775561
0.12941596713698875,0.6548628428927681
0.1295231291302018,0.6548628428927681
0.1295231291302018,0.655361596009975
0.12966601178781925,0.655361596009975
0.12966601178781925,0.655860349127182
0.1297017324522236,0.655860349127182
0.1297017324522236,0.656359102244389
0.1301303804250759,0.656359102244389
0.1301303804250759,0.656857855361596
0.13020182175388462,0.656857855361596
0.13020182175388462,0.657356608478803
0.13038042507590641,0.657356608478803
0.13038042507590641,0.65785536159601
0.13041614574031077,0.65785536159601
0.13041614574031077,0.6583541147132169
0.13045186640471512,0.6583541147132169
0.13045186640471512,0.658852867830424
0.13070191105554563,0.658852867830424
0.13070191105554563,0.6593516209476309
0.13102339703518484,0.6593516209476309
0.13102339703518484,0.6598503740648379
0.13127344168601535,0.6598503740648379
0.13127344168601535,0.6603491271820449
0.131737810323272,0.6603491271820449
0.131737810323272,0.6608478802992519
0.1320950169673156,0.6608478802992519
0.1320950169673156,0.6613466334164588
0.1324165029469548,0.6613466334164588
0.1324165029469548,0.6623441396508728
0.13263082693338096,0.6623441396508728
0.13263082693338096,0.6628428927680798
0.13380960885872478,0.6628428927680798
0.13380960885872478,0.6633416458852868
0.13423825683157706,0.6633416458852868
0.13423825683157706,0.6638403990024938
0.13448830148240756,0.6638403990024938
0.13448830148240756,0.6643391521197007
0.1345597428112163,0.6643391521197007
0.1345597428112163,0.6653366583541147
0.13555992141453832,0.6653366583541147
0.13555992141453832,0.6658354114713217
0.13559564207894267,0.6658354114713217
0.13559564207894267,0.6663341645885287
0.1357385247365601,0.6663341645885287
0.1357385247365601,0.6668329177057356
0.13577424540096447,0.6668329177057356
0.13577424540096447,0.6673316708229426
0.13584568672977318,0.6673316708229426
0.13584568672977318,0.6678304239401496
0.13588140739417753,0.6678304239401496
0.13588140739417753,0.6683291770573566
0.1361671727094124,0.6683291770573566
0.1361671727094124,0.6688279301745635
0.1364886586890516,0.6688279301745635
0.1364886586890516,0.6693266832917706
0.1370959099839257,0.6693266832917706
0.1370959099839257,0.6698254364089775
0.13745311662796927,0.6698254364089775
0.13745311662796927,0.6703241895261846
0.13756027862118236,0.6703241895261846
0.13756027862118236,0.6708229426433915
0.13759599928558672,0.6708229426433915
0.13759599928558672,0.6713216957605985
0.13788176460082158,0.6713216957605985
0.13788176460082158,0.6718204488778055
0.13816752991605644,0.6718204488778055
0.13816752991605644,0.6723192019950125
0.13831041257367388,0.6723192019950125
0.13831041257367388,0.6728179551122194
0.1384532952312913,0.6728179551122194
0.1384532952312913,0.6738154613466334
0.13884622253973924,0.6738154613466334
0.13884622253973924,0.6743142144638404
0.13959635649223076,0.6743142144638404
0.13959635649223076,0.6748129675810474
0.13973923914984818,0.6748129675810474
0.13973923914984818,0.6753117206982544
0.14059653509555278,0.6753117206982544
0.14059653509555278,0.6758104738154613
0.14077513841757458,0.6758104738154613
0.14077513841757458,0.6763092269326684
0.1411680657260225,0.6763092269326684
0.1411680657260225,0.6768079800498753
0.1412752277192356,0.6768079800498753
0.1412752277192356,0.6773067331670823
0.14131094838363994,0.6773067331670823
0.14131094838363994,0.6778054862842893
0.141418110376853,0.6778054862842893
0.141418110376853,0.6783042394014963
0.14156099303447045,0.6783042394014963
0.14156099303447045,0.6788029925187032
0.14188247901410966,0.6788029925187032
0.14188247901410966,0.6793017456359102
0.14213252366494017,0.6793017456359102
0.14213252366494017,0.6798004987531172
0.14248973030898374,0.6798004987531172
0.14248973030898374,0.6802992518703241
0.14327558492587963,0.6802992518703241
0.14327558492587963,0.6807980049875312
0.1433827469190927,0.6807980049875312
0.1433827469190927,0.6812967581047381
0.1434541882479014,0.6812967581047381
0.1434541882479014,0.6817955112219451
0.14359707090551885,0.6817955112219451
0.14359707090551885,0.6822942643391521
0.1436327915699232,0.6822942643391521
0.1436327915699232,0.6827930174563591
0.144311484193606,0.6827930174563591
0.144311484193606,0.683291770573566
0.14434720485801036,0.683291770573566
0.14434720485801036,0.6837905236907731
0.14466869083764958,0.6837905236907731
0.14466869083764958,0.68428927680798
0.14491873548848008,0.68428927680798
0.14491873548848008,0.6847880299251871
0.14506161814609753,0.6847880299251871
0.14506161814609753,0.685286783042394
0.1454188247901411,0.685286783042394
0.1454188247901411,0.685785536159601
0.14552598678335418,0.685785536159601
0.14552598678335418,0.686284289276808
0.1460260760850152,0.686284289276808
0.1460260760850152,0.686783042394015
0.14606179674941955,0.686783042394015
0.14606179674941955,0.6872817955112219
0.1460975174138239,0.6872817955112219
0.1460975174138239,0.687780548628429
0.14663332737988927,0.687780548628429
0.14663332737988927,0.6882793017456359
0.14695481335952848,0.6882793017456359
0.14695481335952848,0.6887780548628429
0.14720485801035899,0.6887780548628429
0.14720485801035899,0.6902743142144638
0.14727629933916772,0.6902743142144638
0.14727629933916772,0.6907730673316709
0.14734774066797643,0.6907730673316709
0.14741918199678514,0.6912718204488778
0.14799071262725486,0.6912718204488778
0.14799071262725486,0.6917705735660847
0.14827647794248974,0.6917705735660847
0.14827647794248974,0.6922693266832918
0.1486336845865333,0.6922693266832918
0.1486336845865333,0.6927680798004987
0.14899089123057688,0.6927680798004987
0.14899089123057688,0.6937655860349127
0.14966958385425969,0.6937655860349127
0.14966958385425969,0.6942643391521197
0.15002679049830328,0.6942643391521197
0.150098231827112,0.6942643391521197
0.15031255581353814,0.6942643391521197
0.15031255581353814,0.6947630922693266
0.1504197178067512,0.6947630922693266
0.1504197178067512,0.6952618453865337
0.150598321128773,0.6952618453865337
0.150598321128773,0.6957605985037406
0.15099124843722092,0.6957605985037406
0.15099124843722092,0.6962593516209477
0.1510269691016253,0.6962593516209477
0.1510269691016253,0.6967581047381546
0.15145561707447758,0.6967581047381546
0.15145561707447758,0.6972568578553616
0.15149133773888193,0.6972568578553616
0.15149133773888193,0.6977556109725686
0.1531344883014824,0.6977556109725686
0.1531344883014824,0.6987531172069825
0.15349169494552597,0.6987531172069825
0.15349169494552597,0.6992518703241896
0.15352741560993036,0.6992518703241896
0.15352741560993036,0.6997506234413965
0.15409894624040008,0.6997506234413965
0.15409894624040008,0.7002493765586035
0.15463475620646544,0.7002493765586035
0.15463475620646544,0.7007481296758105
0.1548490801928916,0.7007481296758105
0.1548490801928916,0.7012468827930175
0.1549205215217003,0.7012468827930175
0.1549205215217003,0.7017456359102244
0.15506340417931774,0.7017456359102244
0.15506340417931774,0.7022443890274315
0.1555992141453831,0.7022443890274315
0.1555992141453831,0.7027431421446384
0.15563493480978746,0.7027431421446384
0.15563493480978746,0.7037406483790524
0.1557778174674049,0.7037406483790524
0.1557778174674049,0.7042394014962593
0.1558492587962136,0.7042394014962593
0.1558492587962136,0.7047381546134663
0.15595642078942668,0.7047381546134663
0.15595642078942668,0.7052369077306733
0.15609930344704412,0.7052369077306733
0.15609930344704412,0.7057356608478803
0.15674227540632255,0.7057356608478803
0.15674227540632255,0.7062344139650872
0.15681371673513128,0.7062344139650872
0.15681371673513128,0.7067331670822943
0.15702804072155743,0.7067331670822943
0.15702804072155743,0.7072319201995012
0.15906411859260583,0.7072319201995012
0.15906411859260583,0.7077306733167082
0.16045722450437577,0.7077306733167082
0.16045722450437577,0.7082294264339152
0.16049294516878013,0.7082294264339152
0.16049294516878013,0.7087281795511222
0.16113591712805858,0.7087281795511222
0.16113591712805858,0.7092269326683291
0.16131452045008038,0.7092269326683291
0.16131452045008038,0.7097256857855362
0.1613859617788891,0.7097256857855362
0.1613859617788891,0.7102244389027431
0.1614574031076978,0.7102244389027431
0.1614574031076978,0.7107231920199502
0.16149312377210215,0.7107231920199502
0.16149312377210215,0.7117206982543641
0.16152884443650653,0.7117206982543641
0.16152884443650653,0.712219451371571
0.16242186104661546,0.712219451371571
0.16242186104661546,0.7127182044887781
0.16302911234148956,0.7127182044887781
0.16302911234148956,0.7137157107231921
0.16317199499910698,0.7137157107231921
0.16317199499910698,0.714214463840399
0.1632434363279157,0.714214463840399
0.1632434363279157,0.714713216957606
0.16413645293802465,0.714713216957606
0.16413645293802465,0.715211970074813
0.1642793355956421,0.715211970074813
0.1642793355956421,0.71571072319202
0.1647794248973031,0.71571072319202
0.1647794248973031,0.7162094763092269
0.16535095552777282,0.7162094763092269
0.16535095552777282,0.7167082294264339
0.16585104482943383,0.7167082294264339
0.16585104482943383,0.7172069825436409
0.16627969280228613,0.7172069825436409
0.16627969280228613,0.7177057356608478
0.16667262011073405,0.7177057356608478
0.16667262011073405,0.7182044887780549
0.1673155920700125,0.7182044887780549
0.1673155920700125,0.7187032418952618
0.16763707804965172,0.7187032418952618
0.16763707804965172,0.7192019950124688
0.16781568137167352,0.7192019950124688
0.16781568137167352,0.7197007481296758
0.16803000535809967,0.7197007481296758
0.16803000535809967,0.7201995012468828
0.16967315592070012,0.7201995012468828
0.16967315592070012,0.7206982543640897
0.16981603857831756,0.7206982543640897
0.16981603857831756,0.7211970074812968
0.17003036256474371,0.7211970074812968
0.17003036256474371,0.7216957605985037
0.17060189319521343,0.7216957605985037
0.17060189319521343,0.7221945137157108
0.1711377031612788,0.7221945137157108
0.1711377031612788,0.7226932668329177
0.17135202714770495,0.7226932668329177
0.17135202714770495,0.7231920199501247
0.17160207179853545,0.7231920199501247
0.17160207179853545,0.7236907730673316
0.17217360242900517,0.7236907730673316
0.17217360242900517,0.7241895261845387
0.17260225040185748,0.7241895261845387
0.17260225040185748,0.7246882793017456
0.17303089837470978,0.7246882793017456
0.17303089837470978,0.7251870324189527
0.1731023397035185,0.7251870324189527
0.1731023397035185,0.7256857855361596
0.17328094302554028,0.7256857855361596
0.17328094302554028,0.7261845386533666
0.17349526701196644,0.7261845386533666
0.17349526701196644,0.7266832917705736
0.1736024290051795,0.7266832917705736
0.1736024290051795,0.7271820448877806
0.1740310769780318,0.7271820448877806
0.1740310769780318,0.7276807980049875
0.17628147883550635,0.7276807980049875
0.17628147883550635,0.7281795511221946
0.17667440614395427,0.7281795511221946
0.17667440614395427,0.7286783042394015
0.17717449544561528,0.7286783042394015
0.17717449544561528,0.7296758104738155
0.17724593677442402,0.7296758104738155
0.17724593677442402,0.7306733167082294
0.17738881943204143,0.7306733167082294
0.17738881943204143,0.7311720698254364
0.17781746740489374,0.7311720698254364
0.17781746740489374,0.7316708229426434
0.17849616002857654,0.7316708229426434
0.17856760135738525,0.7316708229426434
0.17928201464547242,0.7316708229426434
0.17928201464547242,0.7321695760598503
0.17999642793355958,0.7321695760598503
0.17999642793355958,0.7326683291770574
0.1807465618860511,0.7326683291770574
0.1807465618860511,0.7331670822942643
0.18078228255045545,0.7331670822942643
0.18078228255045545,0.7336658354114713
0.1808894445436685,0.7336658354114713
0.1808894445436685,0.7341645885286783
0.1813180925165208,0.7341645885286783
0.1813180925165208,0.7346633416458853
0.18188962314699053,0.7346633416458853
0.18188962314699053,0.7351620947630922
0.18213966779782104,0.7351620947630922
0.18213966779782104,0.7356608478802993
0.18246115377746025,0.7356608478802993
0.18246115377746025,0.7361596009975062
0.1828540810859082,0.7361596009975062
0.1828540810859082,0.7366583541147133
0.18331844972316486,0.7366583541147133
0.18331844972316486,0.7371571072319202
0.18342561171637792,0.7371571072319202
0.18342561171637792,0.7376558603491272
0.18403286301125202,0.7376558603491272
0.18403286301125202,0.7386533665835412
0.18406858367565637,0.7386533665835412
0.18406858367565637,0.7391521197007481
0.18424718699767817,0.7391521197007481
0.18424718699767817,0.7401496259351621
0.18510448294338275,0.7401496259351621
0.18510448294338275,0.7406483790523691
0.1852116449365958,0.7406483790523691
0.1852116449365958,0.7411471321695761
0.18546168958742631,0.7411471321695761
0.18546168958742631,0.741645885286783
0.1857474549026612,0.741645885286783
0.1857474549026612,0.74214463840399
0.1862475442043222,0.74214463840399
0.1862475442043222,0.742643391521197
0.18639042686193963,0.742643391521197
0.18639042686193963,0.743142144638404
0.18653330951955707,0.743142144638404
0.18653330951955707,0.7436408977556109
0.1873548848008573,0.7436408977556109
0.1873548848008573,0.744139650872818
0.18739060546526165,0.744139650872818
0.18739060546526165,0.7446384039900249
0.1880335774245401,0.7446384039900249
0.1880335774245401,0.7451371571072319
0.18903375602786213,0.7451371571072319
0.18903375602786213,0.7456359102244389
0.18928380067869263,0.7456359102244389
0.18928380067869263,0.7461346633416459
0.18935524200750134,0.7461346633416459
0.1893909626719057,0.7466334164588528
0.19021253795320592,0.7466334164588528
0.19021253795320592,0.7471321695760599
0.1902482586176103,0.7471321695760599
0.1902482586176103,0.7476309226932668
0.19053402393284516,0.7476309226932668
0.19053402393284516,0.7481296758104738
0.19117699589212359,0.7481296758104738
0.19117699589212359,0.7491271820448878
0.1916770851937846,0.7491271820448878
0.1916770851937846,0.7496259351620947
0.19271298446151097,0.7496259351620947
0.19271298446151097,0.7501246882793018
0.19292730844793712,0.7501246882793018
0.19292730844793712,0.7506234413965087
0.19385604572245044,0.7506234413965087
0.19385604572245044,0.7511221945137158
0.19399892838006788,0.7511221945137158
0.19399892838006788,0.7516209476309227
0.1943918556885158,0.7516209476309227
0.1943918556885158,0.7521197007481297
0.1947490623325594,0.7521197007481297
0.1947490623325594,0.7526184538653367
0.19485622432577246,0.7526184538653367
0.19485622432577246,0.7531172069825436
0.19496338631898552,0.7531172069825436
0.19496338631898552,0.7536159600997506
0.1949991069833899,0.7536159600997506
0.1949991069833899,0.7541147132169576
0.19514198964100732,0.7541147132169576
0.19514198964100732,0.7546134663341646
0.19532059296302912,0.7546134663341646
0.19532059296302912,0.7551122194513715
0.19542775495624218,0.7551122194513715
0.19542775495624218,0.7556109725685786
0.19553491694945527,0.7556109725685786
0.19553491694945527,0.7566084788029925
0.19571352027147704,0.7566084788029925
0.19571352027147704,0.7571072319201995
0.19646365422396855,0.7571072319201995
0.1965350955527773,0.7571072319201995
0.19707090551884265,0.7571072319201995
0.19707090551884265,0.7576059850374065
0.19714234684765136,0.7576059850374065
0.19714234684765136,0.7586034912718205
0.19774959814252546,0.7586034912718205
0.19774959814252546,0.7591022443890274
0.19778531880692982,0.7591022443890274
0.19778531880692982,0.7596009975062344
0.19782103947133417,0.7596009975062344
0.19782103947133417,0.7600997506234414
0.19824968744418647,0.7600997506234414
0.19824968744418647,0.7605985037406484
0.1984640114306126,0.7605985037406484
0.1984640114306126,0.7610972568578553
0.1990712627254867,0.7610972568578553
0.1990712627254867,0.7615960099750624
0.20060725129487408,0.7615960099750624
0.2006786926236828,0.7615960099750624
0.20071441328808715,0.7615960099750624
0.20071441328808715,0.7625935162094764
0.2008572959457046,0.7625935162094764
0.2008572959457046,0.7630922693266833
0.20089301661010894,0.7630922693266833
0.20089301661010894,0.7635910224438903
0.20164315056260046,0.7635910224438903
0.20164315056260046,0.7640897755610973
0.2017860332202179,0.7640897755610973
0.2017860332202179,0.7645885286783043
0.2032148597963922,0.7645885286783043
0.2032148597963922,0.7650872817955112
0.2041435970709055,0.7650872817955112
0.2041435970709055,0.7655860349127181
0.20503661368101447,0.7655860349127181
0.20503661368101447,0.7660847880299252
0.2051794963386319,0.7660847880299252
0.2051794963386319,0.7665835411471321
0.2056081443114842,0.7665835411471321
0.2056081443114842,0.7670822942643392
0.20596535095552776,0.7670822942643392
0.20596535095552776,0.7675810473815461
0.20632255759957135,0.7675810473815461
0.20632255759957135,0.7680798004987531
0.20664404357921057,0.7680798004987531
0.20664404357921057,0.7685785536159601
0.20671548490801928,0.7685785536159601
0.20671548490801928,0.769576059850374
0.20757278085372388,0.769576059850374
0.20757278085372388,0.7700748129675811
0.2082514734774067,0.7700748129675811
0.2082514734774067,0.770573566084788
0.2083229148062154,0.770573566084788
0.2083229148062154,0.771072319201995
0.20893016610108947,0.771072319201995
0.20893016610108947,0.771571072319202
0.21000178603322023,0.771571072319202
0.21000178603322023,0.772069825436409
0.21007322736202894,0.772069825436409
0.21007322736202894,0.773067331670823
0.21032327201285944,0.773067331670823
0.21032327201285944,0.7735660847880299
0.21082336131452045,0.7735660847880299
0.21082336131452045,0.7745635910224439
0.21107340596535096,0.7745635910224439
0.21107340596535096,0.7750623441396509
0.21121628862296837,0.7750623441396509
0.21121628862296837,0.7755610972568578
0.21153777460260761,0.7755610972568578
0.21153777460260761,0.7760598503740649
0.21193070191105554,0.7760598503740649
0.21193070191105554,0.7765586034912718
0.2121450258974817,0.7765586034912718
0.2121450258974817,0.7770573566084789
0.2130023218431863,0.7770573566084789
0.2130023218431863,0.7775561097256858
0.21318092516520806,0.7775561097256858
0.21318092516520806,0.7780548628428927
0.21400250044650831,0.7780548628428927
0.21400250044650831,0.7790523690773067
0.21414538310412573,0.7790523690773067
0.21414538310412573,0.7795511221945137
0.21450258974816933,0.7795511221945137
0.21450258974816933,0.7800498753117207
0.2148597963922129,0.7800498753117207
0.2148597963922129,0.7805486284289277
0.21496695838542598,0.7805486284289277
0.21496695838542598,0.7810473815461346
0.2151098410430434,0.7810473815461346
0.2151098410430434,0.7815461346633417
0.21539560635827826,0.7815461346633417
0.21539560635827826,0.7820448877805486
0.21557420968030006,0.7820448877805486
0.21557420968030006,0.7825436408977556
0.21625290230398286,0.7825436408977556
0.21625290230398286,0.7830423940149626
0.2173245222361136,0.7830423940149626
0.2173245222361136,0.7835411471321696
0.21803893552420076,0.7835411471321696
0.21803893552420076,0.7840399002493765
0.21818181818181817,0.7840399002493765
0.21818181818181817,0.7845386533665836
0.2189319521343097,0.7845386533665836
0.2189319521343097,0.7850374064837905
0.21957492409358814,0.7850374064837905
0.21957492409358814,0.7855361596009975
0.21964636542239685,0.7855361596009975
0.2196820860868012,0.7855361596009975
0.2196820860868012,0.7860349127182045
0.21975352741560994,0.7860349127182045
0.21975352741560994,0.7865336658354115
0.22064654402571887,0.7865336658354115
0.22064654402571887,0.7870324189526184
0.22078942668333632,0.7870324189526184
0.22078942668333632,0.7875311720698255
0.2209680300053581,0.7875311720698255
0.2209680300053581,0.7880299251870324
0.22171816395784963,0.7880299251870324
0.22171816395784963,0.7890274314214464
0.22246829791034115,0.7890274314214464
0.22246829791034115,0.7895261845386534
0.22271834256117165,0.7895261845386534
0.22271834256117165,0.7900249376558603
0.22325415252723702,0.7900249376558603
0.22325415252723702,0.7905236907730673
0.22336131452045008,0.7905236907730673
0.22336131452045008,0.7910224438902743
0.2236828005000893,0.7910224438902743
0.2236828005000893,0.7915211970074812
0.2241828898017503,0.7915211970074812
0.2241828898017503,0.7920199501246883
0.2243614931237721,0.7920199501246883
0.2243614931237721,0.7925187032418952
0.22618324700839434,0.7925187032418952
0.22625468833720308,0.7925187032418952
0.22661189498124665,0.7925187032418952
0.22661189498124665,0.7930174563591023
0.22729058760492946,0.7930174563591023
0.22729058760492946,0.7935162094763092
0.22779067690659047,0.7935162094763092
0.22786211823539917,0.7940149625935162
0.22811216288622968,0.7940149625935162
0.22811216288622968,0.7945137157107232
0.22829076620825148,0.7945137157107232
0.22829076620825148,0.7950124688279302
0.22832648687265583,0.7950124688279302
0.22832648687265583,0.7955112219451371
0.22871941418110378,0.7955112219451371
0.22871941418110378,0.7960099750623442
0.2288622968387212,0.7960099750623442
0.2288622968387212,0.7965087281795511
0.22968387212002142,0.7965087281795511
0.22968387212002142,0.7970074812967581
0.22982675477763886,0.7970074812967581
0.22982675477763886,0.7975062344139651
0.2299696374352563,0.7975062344139651
0.2299696374352563,0.798503740648379
0.23000535809966066,0.798503740648379
0.23000535809966066,0.7990024937655861
0.23057688873013038,0.7990024937655861
0.23057688873013038,0.799501246882793
0.23179139131987855,0.799501246882793
0.23179139131987855,0.8
0.23193427397749597,0.8
0.23193427397749597,0.800997506234414
0.23218431862832647,0.800997506234414
0.23218431862832647,0.8014962593516209
0.23286301125200928,0.8014962593516209
0.23286301125200928,0.801995012468828
0.233434541882479,0.801995012468828
0.233434541882479,0.8024937655860349
0.23393463118414,0.8024937655860349
0.23393463118414,0.8029925187032418
0.23550634041793178,0.8029925187032418
0.23550634041793178,0.8034912718204489
0.2356492230755492,0.8034912718204489
0.2356492230755492,0.8039900249376558
0.23597070905518844,0.8039900249376558
0.23597070905518844,0.8044887780548629
0.2360064297195928,0.8044887780548629
0.2360064297195928,0.8049875311720698
0.23611359171280585,0.8049875311720698
0.23611359171280585,0.8054862842892768
0.23772102161100198,0.8054862842892768
0.23772102161100198,0.8059850374064838
0.23779246293981068,0.8059850374064838
0.23779246293981068,0.8064837905236908
0.2384711555634935,0.8064837905236908
0.2384711555634935,0.8069825436408977
0.23914984818717627,0.8069825436408977
0.23914984818717627,0.8074812967581048
0.23932845150919807,0.8074812967581048
0.23932845150919807,0.8079800498753117
0.24004286479728523,0.8079800498753117
0.24004286479728523,0.8084788029925187
0.2404000714413288,0.8084788029925187
0.2404000714413288,0.8089775561097257
0.24054295409894624,0.8089775561097257
0.24054295409894624,0.8094763092269327
0.2410073227362029,0.8094763092269327
0.2410073227362029,0.8099750623441396
0.24129308805143776,0.8099750623441396
0.24129308805143776,0.8104738154613467
0.24147169137345956,0.8104738154613467
0.24147169137345956,0.8109725685785536
0.2423647079835685,0.8109725685785536
0.2423647079835685,0.8114713216957606
0.24250759064118593,0.8114713216957606
0.24250759064118593,0.8119700748129676
0.24340060725129486,0.8119700748129676
0.24340060725129486,0.8124688279301746
0.24468655116985175,0.8124688279301746
0.24468655116985175,0.8129675810473815
0.24522236113591714,0.8129675810473815
0.2453295231291302,0.8129675810473815
0.245508126451152,0.8129675810473815
0.245508126451152,0.8139650872817955
0.2456510091087694,0.8139650872817955
0.2456510091087694,0.8144638403990025
0.24618681907483478,0.8144638403990025
0.24618681907483478,0.8149625935162095
0.24625826040364351,0.8149625935162095
0.24625826040364351,0.8154613466334164
0.24722271834256118,0.8154613466334164
0.2472941596713699,0.8154613466334164
0.24808001428826576,0.8154613466334164
0.24808001428826576,0.8159600997506234
0.24900875156277907,0.8159600997506234
0.24908019289158778,0.8159600997506234
0.25072334345418823,0.8159600997506234
0.25072334345418823,0.8164588528678304
0.2531523486336846,0.8164588528678304
0.2531523486336846,0.8169576059850374
0.25361671727094126,0.8169576059850374
0.25361671727094126,0.8174563591022443
0.2536524379353456,0.8174563591022443
0.2536524379353456,0.8179551122194514
0.25668869440971603,0.8179551122194514
0.25668869440971603,0.8184538653366583
0.25718878371137704,0.8184538653366583
0.25718878371137704,0.8189526184538654
0.25736738703339884,0.8189526184538654
0.25736738703339884,0.8194513715710723
0.25768887301303806,0.8194513715710723
0.25768887301303806,0.8199501246882793
0.258081800321486,0.8199501246882793
0.258081800321486,0.8204488778054863
0.2587247722807644,0.8204488778054863
0.2587247722807644,0.8209476309226933
0.2588676549383819,0.8209476309226933
0.2588676549383819,0.8214463840399002
0.2596177888908734,0.8214463840399002
0.2596177888908734,0.8219451371571073
0.26097517413823895,0.8219451371571073
0.26097517413823895,0.8224438902743142
0.26190391141275227,0.8224438902743142
0.26190391141275227,0.8229426433915212
0.2620467940703697,0.8229426433915212
0.2620467940703697,0.8234413965087282
0.26261832470083946,0.8234413965087282
0.26261832470083946,0.8239401496259352
0.2626540453652438,0.8239401496259352
0.2626540453652438,0.8244389027431421
0.26286836935166996,0.8244389027431421
0.26286836935166996,0.8249376558603492
0.263975709948205,0.8249376558603492
0.263975709948205,0.8254364089775561
0.26490444722271833,0.8254364089775561
0.26490444722271833,0.8259351620947631
0.26497588855152704,0.8259351620947631
0.26497588855152704,0.8264339152119701
0.265868905161636,0.8264339152119701
0.265868905161636,0.8269326683291771
0.2691552062868369,0.8269326683291771
0.2691552062868369,0.827431421446384
0.2696195749240936,0.827431421446384
0.2696195749240936,0.827930174563591
0.27065547419181996,0.827930174563591
0.27065547419181996,0.828428927680798
0.2722271834256117,0.828428927680798
0.2722271834256117,0.8289276807980049
0.2725129487408466,0.8289276807980049
0.2725129487408466,0.829426433915212
0.2740846579746383,0.829426433915212
0.2740846579746383,0.8299251870324189
0.27422754063225574,0.8299251870324189
0.27422754063225574,0.830423940149626
0.27590641185926057,0.830423940149626
0.27590641185926057,0.8309226932668329
0.2768351491337739,0.8309226932668329
0.2768351491337739,0.8314214463840399
0.276942311126987,0.8314214463840399
0.276942311126987,0.8319201995012468
0.2779782103947133,0.8319201995012468
0.2779782103947133,0.8324189526184539
0.2781210930523308,0.8324189526184539
0.2781210930523308,0.8329177057356608
0.2785140203607787,0.8329177057356608
0.2785140203607787,0.8334164588528679
0.2785497410251831,0.8334164588528679
0.2785497410251831,0.8339152119700748
0.27958564029290944,0.8339152119700748
0.27958564029290944,0.8344139650872818
0.2809787462046794,0.8344139650872818
0.2809787462046794,0.8354114713216958
0.28144311484193607,0.8354114713216958
0.28144311484193607,0.8359102244389027
0.2817288801571709,0.8359102244389027
0.2817288801571709,0.8364089775561098
0.281836042150384,0.8364089775561098
0.281836042150384,0.8369077306733167
0.2826218967672799,0.8369077306733167
0.2826218967672799,0.8374064837905237
0.2832648687265583,0.8374064837905237
0.2832648687265583,0.8379052369077307
0.2836220753706019,0.8379052369077307
0.2836220753706019,0.8384039900249377
0.2862654045365244,0.8384039900249377
0.2862654045365244,0.8394014962593517
0.28630112520092876,0.8394014962593517
0.28630112520092876,0.8399002493765586
0.2864082871941418,0.8399002493765586
0.2864082871941418,0.8403990024937655
0.28869440971602073,0.8403990024937655
0.28876585104482944,0.8403990024937655
0.28901589569565994,0.8403990024937655
0.28901589569565994,0.8408977556109726
0.28940882300410786,0.8408977556109726
0.28940882300410786,0.8413965087281795
0.29223075549205213,0.8413965087281795
0.29223075549205213,0.8418952618453865
0.29248080014288264,0.8418952618453865
0.29248080014288264,0.8423940149625935
0.29512412930880516,0.8423940149625935
0.29512412930880516,0.8428927680798005
0.2970530451866405,0.8428927680798005
0.2970530451866405,0.8433915211970074
0.29937488837292375,0.8433915211970074
0.29937488837292375,0.8438902743142145
0.29980353634577606,0.8438902743142145
0.29980353634577606,0.8443890274314214
0.3017681728880157,0.8443890274314214
0.3017681728880157,0.8453865336658354
0.3020182175388462,0.8453865336658354
0.3020182175388462,0.8458852867830424
0.30216110019646364,0.8458852867830424
0.30216110019646364,0.8463840399002494
0.30226826218967673,0.8463840399002494
0.30226826218967673,0.8468827930174564
0.30366136810144667,0.8468827930174564
0.3037328094302554,0.8468827930174564
0.3052687979996428,0.8468827930174564
0.3052687979996428,0.8473815461346633
0.3058046079657082,0.8473815461346633
0.3058046079657082,0.8478802992518704
0.3058403286301125,0.8478802992518704
0.3058403286301125,0.8483790523690773
0.30598321128772993,0.8483790523690773
0.30598321128772993,0.8488778054862843
0.3065190212537953,0.8488778054862843
0.3065190212537953,0.8493765586034913
0.30748347919271296,0.8493765586034913
0.30748347919271296,0.8498753117206983
0.3096981603857832,0.8498753117206983
0.3096981603857832,0.8503740648379052
0.310876942311127,0.8503740648379052
0.310876942311127,0.8508728179551123
0.3114484729415967,0.8508728179551123
0.3114484729415967,0.8513715710723192
0.31173423825683155,0.8513715710723192
0.31173423825683155,0.8518703241895261
0.31223432755849256,0.8518703241895261
0.31223432755849256,0.8523690773067332
0.3136631541346669,0.8523690773067332
0.3136631541346669,0.8528678304239401
0.3144132880871584,0.8528678304239401
0.3144132880871584,0.8533665835411471
0.3155206286836935,0.8533665835411471
0.3155206286836935,0.8538653366583541
0.3155920700125022,0.8538653366583541
0.3155920700125022,0.8543640897755611
0.31598499732095015,0.8543640897755611
0.31598499732095015,0.854862842892768
0.3165565279514199,0.854862842892768
0.3165565279514199,0.855860349127182
0.31705661725308093,0.855860349127182
0.31705661725308093,0.856359102244389
0.31730666190391144,0.856359102244389
0.31730666190391144,0.856857855361596
0.31752098589033756,0.856857855361596
0.31752098589033756,0.85785536159601
0.31830684050723346,0.85785536159601
0.31837828183604217,0.85785536159601
0.3189498124665119,0.85785536159601
0.3189498124665119,0.858354114713217
0.32134309698160385,0.858354114713217
0.32134309698160385,0.8588528678304239
0.32152170030362565,0.8588528678304239
0.32152170030362565,0.859351620947631
0.32159314163243435,0.859351620947631
0.32159314163243435,0.8598503740648379
0.32177174495445615,0.8598503740648379
0.32177174495445615,0.8603491271820449
0.32205751026969104,0.8603491271820449
0.32205751026969104,0.8608478802992519
0.32237899624933025,0.8608478802992519
0.32237899624933025,0.8613466334164589
0.32305768887301306,0.8613466334164589
0.32305768887301306,0.8618453865336658
0.3235220575102697,0.8618453865336658
0.3235220575102697,0.8623441396508729
0.32587962136095733,0.8623441396508729
0.32587962136095733,0.8628428927680798
0.3269155206286837,0.8628428927680798
0.3269155206286837,0.8633416458852868
0.3270941239507055,0.8633416458852868
0.3270941239507055,0.8638403990024938
0.3281300232184319,0.8638403990024938
0.3281300232184319,0.8643391521197007
0.32998749776745845,0.8643391521197007
0.32998749776745845,0.8648379052369077
0.33152348633684586,0.8648379052369077
0.33152348633684586,0.8653366583541147
0.331737810323272,0.8653366583541147
0.331737810323272,0.8658354114713217
0.3318449723164851,0.8658354114713217
0.3318449723164851,0.8668329177057357
0.3329165922486158,0.8668329177057357
0.3329165922486158,0.8673316708229426
0.33484550812645114,0.8673316708229426
0.33484550812645114,0.8678304239401496
0.3350598321128773,0.8678304239401496
0.3350598321128773,0.8683291770573566
0.33516699410609035,0.8683291770573566
0.33516699410609035,0.8688279301745636
0.33555992141453833,0.8688279301745636
0.33555992141453833,0.8693266832917705
0.33613145204500805,0.8693266832917705
0.33613145204500805,0.8698254364089776
0.3375602786211824,0.8698254364089776
0.3375602786211824,0.8708229426433916
0.33848901589569563,0.8708229426433916
0.33848901589569563,0.8713216957605985
0.3385604572245044,0.8713216957605985
0.3385604572245044,0.8718204488778055
0.3398106804786569,0.8718204488778055
0.3398106804786569,0.8723192019950124
0.34059653509555277,0.8723192019950124
0.34059653509555277,0.8728179551122195
0.34084657974638327,0.8728179551122195
0.34084657974638327,0.8733167082294264
0.34113234506161816,0.8733167082294264
0.34113234506161816,0.8738154613466335
0.3428469369530273,0.8738154613466335
0.3428469369530273,0.8743142144638404
0.34341846758349703,0.8743142144638404
0.34341846758349703,0.8748129675810474
0.34366851223432754,0.8748129675810474
0.34366851223432754,0.8753117206982544
0.34409716020717984,0.8753117206982544
0.34409716020717984,0.8758104738154614
0.34649044472227186,0.8758104738154614
0.34649044472227186,0.8763092269326683
0.3483836399357028,0.8763092269326683
0.3483836399357028,0.8768079800498753
0.34891944990176815,0.8768079800498753
0.34891944990176815,0.8773067331670823
0.34974102518306843,0.8773067331670823
0.34974102518306843,0.8778054862842892
0.3509198071084122,0.8778054862842892
0.3509198071084122,0.8783042394014963
0.3535631362743347,0.8783042394014963
0.3535631362743347,0.8788029925187032
0.3548490801928916,0.8788029925187032
0.3548490801928916,0.8793017456359102
0.3566708340775138,0.8793017456359102
0.3566708340775138,0.8798004987531172
0.3567422754063226,0.8798004987531172
0.3567422754063226,0.8802992518703242
0.3575638506876228,0.8802992518703242
0.3575638506876228,0.8807980049875311
0.3583139846401143,0.8807980049875311
0.35838542596892303,0.8807980049875311
0.36013573852473657,0.8807980049875311
0.36013573852473657,0.8812967581047382
0.3606001071619932,0.8812967581047382
0.3606001071619932,0.8817955112219451
0.3615288444365065,0.8817955112219451
0.3615288444365065,0.8822942643391521
0.3618146097517414,0.8822942643391521
0.3618146097517414,0.8827930174563591
0.36342203964993747,0.8827930174563591
0.36342203964993747,0.8832917705735661
0.36399357028040724,0.8832917705735661
0.36399357028040724,0.883790523690773
0.364172173602429,0.883790523690773
0.364172173602429,0.8842892768079801
0.36474370423289876,0.8842892768079801
0.36474370423289876,0.884788029925187
0.3658867654938382,0.884788029925187
0.3658867654938382,0.885286783042394
0.3702089658867655,0.885286783042394
0.3702089658867655,0.885785536159601
0.3712448651544919,0.885785536159601
0.3712448651544919,0.886284289276808
0.37245936774424004,0.886284289276808
0.37245936774424004,0.886783042394015
0.37270941239507055,0.886783042394015
0.37270941239507055,0.887281795511222
0.37306661903911414,0.887281795511222
0.37306661903911414,0.888279301745636
0.3736738703339882,0.888279301745636
0.3736738703339882,0.8887780548628429
0.3749598142525451,0.8887780548628429
0.3749598142525451,0.8892768079800498
0.37628147883550633,0.8892768079800498
0.37628147883550633,0.8897755610972569
0.38117520985890335,0.8897755610972569
0.38117520985890335,0.8902743142144638
0.38206822646901234,0.8902743142144638
0.38206822646901234,0.8907730673316708
0.38331844972316487,0.8907730673316708
0.38331844972316487,0.8912718204488778
0.3836399357028041,0.8912718204488778
0.3836399357028041,0.8917705735660848
0.3843543489908912,0.8917705735660848
0.3843543489908912,0.8922693266832917
0.3847829969637435,0.8922693266832917
0.3847829969637435,0.8927680798004988
0.3854616895874263,0.8927680798004988
0.3854616895874263,0.8932668329177057
0.38703339882121807,0.8932668329177057
0.38703339882121807,0.8937655860349127
0.3885336667262011,0.8937655860349127
0.3885336667262011,0.8942643391521197
0.3898910519735667,0.8942643391521197
0.3898910519735667,0.8952618453865336
0.39071262725486694,0.8952618453865336
0.39071262725486694,0.8957605985037407
0.3907483479192713,0.8957605985037407
0.3907483479192713,0.8962593516209476
0.39164136452938025,0.8962593516209476
0.39164136452938025,0.8967581047381546
0.3939989283800679,0.8967581047381546
0.3939989283800679,0.8972568578553616
0.39492766565458115,0.8972568578553616
0.39492766565458115,0.8977556109725686
0.39596356492230755,0.8977556109725686
0.39596356492230755,0.8982543640897755
0.39732095016967317,0.8982543640897755
0.39732095016967317,0.8992518703241895
0.3973566708340775,0.8992518703241895
0.3973566708340775,0.8997506234413966
0.3982496874441865,0.8997506234413966
0.3982496874441865,0.9002493765586035
0.398999821396678,0.9002493765586035
0.398999821396678,0.9007481296758105
0.4032148597963922,0.9007481296758105
0.4032148597963922,0.9012468827930175
0.4036435077692445,0.9012468827930175
0.4036435077692445,0.9017456359102244
0.40550098231827114,0.9017456359102244
0.40550098231827114,0.9022443890274314
0.4064297195927844,0.9022443890274314
0.4064297195927844,0.9027431421446384
0.4078585461689587,0.9027431421446384
0.4078585461689587,0.9032418952618454
0.40792998749776743,0.9032418952618454
0.40792998749776743,0.9037406483790523
0.411573495267012,0.9037406483790523
0.411573495267012,0.9042394014962594
0.41432398642614754,0.9042394014962594
0.41432398642614754,0.9047381546134663
0.41500267904983035,0.9047381546134663
0.41500267904983035,0.9052369077306733
0.4150383997142347,0.9052369077306733
0.4150383997142347,0.9057356608478803
0.4162171816395785,0.9057356608478803
0.4162171816395785,0.9062344139650873
0.4163600642971959,0.9062344139650873
0.4163600642971959,0.9067331670822942
0.4171459189140918,0.9067331670822942
0.4171459189140918,0.9072319201995013
0.4177531702089659,0.9072319201995013
0.41786033220217894,0.9072319201995013
0.4178960528665833,0.9072319201995013
0.4178960528665833,0.9077306733167082
0.41861046615467046,0.9077306733167082
0.41861046615467046,0.9082294264339152
0.41911055545633147,0.9082294264339152
0.41911055545633147,0.9087281795511222
0.41928915877835327,0.9087281795511222
0.41928915877835327,0.9092269326683292
0.4204322200392927,0.9092269326683292
0.4204322200392927,0.9097256857855361
0.4215395606358278,0.9097256857855361
0.4215395606358278,0.9102244389027432
0.42336131452045006,0.9102244389027432
0.42336131452045006,0.9107231920199501
0.4255402750491159,0.9107231920199501
0.4255402750491159,0.9112219451371572
0.4259332023575639,0.9112219451371572
0.4260046436863726,0.9112219451371572
0.42836220753706017,0.9112219451371572
0.42836220753706017,0.9117206982543641
0.4293981068047866,0.9117206982543641
0.4293981068047866,0.9122194513715711
0.4306126093945347,0.9122194513715711
0.4306126093945347,0.912718204488778
0.43171994999106983,0.912718204488778
0.43171994999106983,0.9132169576059851
0.43339882121807466,0.9132169576059851
0.43339882121807466,0.913715710723192
0.435827826397571,0.913715710723192
0.435827826397571,0.914214463840399
0.4360064297195928,0.914214463840399
0.4360064297195928,0.914713216957606
0.4364350776924451,0.914713216957606
0.4364350776924451,0.9152119700748129
0.43793534559742814,0.9152119700748129
0.43793534559742814,0.91571072319202
0.4395070548312199,0.91571072319202
0.4395070548312199,0.9162094763092269
0.440721557420968,0.9162094763092269
0.440721557420968,0.9167082294264339
0.4407572780853724,0.9167082294264339
0.4407572780853724,0.9172069825436409
0.4409001607429898,0.9172069825436409
0.4409001607429898,0.9177057356608479
0.44215038399714235,0.9177057356608479
0.44215038399714235,0.9182044887780548
0.44290051794963387,0.9182044887780548
0.44290051794963387,0.9187032418952619
0.4444365065190213,0.9187032418952619
0.4444365065190213,0.9192019950124688
0.448401500267905,0.9192019950124688
0.448401500267905,0.9197007481296758
0.4485801035899268,0.9197007481296758
0.4485801035899268,0.9206982543640898
0.4490444722271834,0.9206982543640898
0.4490444722271834,0.9211970074812967
0.4494731202000357,0.9211970074812967
0.4494731202000357,0.9216957605985038
0.4534381139489195,0.9216957605985038
0.4534381139489195,0.9221945137157107
0.4539739239149848,0.9221945137157107
0.4539739239149848,0.9226932668329177
0.45658153241650296,0.9226932668329177
0.45658153241650296,0.9231920199501247
0.4573673870333988,0.9231920199501247
0.4573673870333988,0.9236907730673317
0.4598321128772995,0.9236907730673317
0.4598321128772995,0.9241895261845386
0.4621182353991784,0.9241895261845386
0.4621182353991784,0.9246882793017457
0.46465440257188784,0.9246882793017457
0.46465440257188784,0.9251870324189526
0.46504732988033576,0.9251870324189526
0.46504732988033576,0.9256857855361597
0.46597606715484907,0.9256857855361597
0.46597606715484907,0.9261845386533666
0.467369173066619,0.9261845386533666
0.467369173066619,0.9266832917705735
0.46829791034113233,0.9266832917705735
0.46829791034113233,0.9271820448877806
0.46872655831398463,0.9271820448877806
0.46872655831398463,0.9276807980049875
0.46926236828005,0.9276807980049875
0.46926236828005,0.9281795511221945
0.46929808894445435,0.9281795511221945
0.46929808894445435,0.9286783042394015
0.4705483121986069,0.9286783042394015
0.4705483121986069,0.9291770573566085
0.47065547419181997,0.9291770573566085
0.47065547419181997,0.9296758104738154
0.471655652795142,0.9296758104738154
0.471655652795142,0.9301745635910225
0.4729415967136989,0.9301745635910225
0.4729415967136989,0.9306733167082294
0.4770494731202,0.9306733167082294
0.4770494731202,0.9311720698254364
0.48033577424540097,0.9311720698254364
0.48033577424540097,0.9316708229426434
0.4820860868012145,0.9316708229426434
0.4820860868012145,0.9321695760598504
0.48501518128237187,0.9321695760598504
0.48501518128237187,0.9326683291770573
0.4869798178246115,0.9326683291770573
0.4869798178246115,0.9331670822942644
0.4909090909090909,0.9331670822942644
0.4909090909090909,0.9336658354114713
0.4910519735667083,0.9336658354114713
0.4910519735667083,0.9341645885286783
0.4911591355599214,0.9341645885286783
0.4911591355599214,0.9346633416458853
0.49137345954634754,0.9346633416458853
0.49137345954634754,0.9351620947630923
0.4948383639935703,0.9351620947630923
0.4948383639935703,0.9356608478802992
0.4958028219324879,0.9356608478802992
0.4958028219324879,0.9361596009975063
0.49666011787819253,0.9361596009975063
0.49666011787819253,0.9366583541147132
0.49762457581711017,0.9366583541147132
0.49762457581711017,0.9371571072319203
0.4981246651187712,0.9371571072319203
0.4981246651187712,0.9376558603491272
0.5027326308269334,0.9376558603491272
0.5027326308269334,0.9381546134663342
0.5042328987319165,0.9381546134663342
0.5042328987319165,0.9386533665835411
0.5102339703518486,0.9386533665835411
0.5102339703518486,0.9391521197007481
0.5126629755313449,0.9391521197007481
0.5126629755313449,0.9396508728179551
0.5176995892123594,0.9396508728179551
0.5176995892123594,0.940149625935162
0.5193784604393642,0.940149625935162
0.5193784604393642,0.9406483790523691
0.5198071084122164,0.9406483790523691
0.5198071084122164,0.941147132169576
0.5209501696731559,0.941147132169576
0.5209501696731559,0.9416458852867831
0.5243436327915699,0.9416458852867831
0.5243436327915699,0.94214463840399
0.5253080907304876,0.94214463840399
0.5253080907304876,0.942643391521197
0.5281300232184318,0.942643391521197
0.5281300232184318,0.943142144638404
0.5332737988926594,0.943142144638404
0.5332737988926594,0.943640897755611
0.536917306661904,0.943640897755611
0.536917306661904,0.9441396508728179
0.537524557956778,0.9441396508728179
0.537524557956778,0.944638403990025
0.5429540989462404,0.944638403990025
0.5429540989462404,0.9451371571072319
0.5441328808715842,0.9451371571072319
0.5441328808715842,0.9456359102244389
0.5462761207358456,0.9456359102244389
0.5462761207358456,0.9461346633416459
0.5464547240578674,0.9461346633416459
0.5464547240578674,0.9466334164588529
0.5469548133595284,0.9466334164588529
0.5469548133595284,0.9471321695760598
0.5488480085729595,0.9471321695760598
0.5488480085729595,0.9476309226932669
0.5506697624575817,0.9476309226932669
0.5506697624575817,0.9481296758104738
0.5508126451151991,0.9481296758104738
0.5508840864440079,0.9481296758104738
0.5521700303625647,0.9481296758104738
0.5521700303625647,0.9486284289276808
0.5550634041793178,0.9486284289276808
0.5550634041793178,0.9491271820448878
0.5572780853723879,0.9491271820448878
0.5572780853723879,0.9496259351620948
0.5595284872298625,0.9496259351620948
0.5595284872298625,0.9501246882793017
0.5622075370601893,0.9501246882793017
0.5622075370601893,0.9506234413965087
0.5634934809787462,0.9506234413965087
0.5634934809787462,0.9511221945137157
0.5658510448294338,0.9511221945137157
0.5658510448294338,0.9516209476309226
0.5659939274870512,0.9516209476309226
0.5659939274870512,0.9521197007481297
0.5712091444900875,0.9521197007481297
0.5712091444900875,0.9526184538653366
0.5716735131273442,0.9526184538653366
0.5717449544561529,0.9526184538653366
0.572352205751027,0.9526184538653366
0.572352205751027,0.9531172069825437
0.5727808537238792,0.9531172069825437
0.5727808537238792,0.9536159600997506
0.5729951777103054,0.9536159600997506
0.5729951777103054,0.9541147132169576
0.5736381496695838,0.9541147132169576
0.5736381496695838,0.9546134663341646
0.574959814252545,0.9546134663341646
0.574959814252545,0.9551122194513716
0.5786390426861939,0.9551122194513716
0.5786390426861939,0.9556109725685785
0.5818181818181818,0.9556109725685785
0.5818181818181818,0.9561097256857856
0.5866404715127701,0.9561097256857856
0.5866404715127701,0.9566084788029925
0.5877478121093053,0.9566084788029925
0.5877478121093053,0.9571072319201995
0.5900696552955885,0.9571072319201995
0.5900696552955885,0.9576059850374065
0.59221289515985,0.9576059850374065
0.59221289515985,0.9581047381546135
0.5925343811394892,0.9581047381546135
0.5925343811394892,0.9586034912718204
0.5927487051259154,0.9586034912718204
0.5927487051259154,0.9591022443890275
0.5944990176817289,0.9591022443890275
0.5944990176817289,0.9596009975062344
0.6021075191998572,0.9596009975062344
0.6021075191998572,0.9600997506234414
0.6091087694231113,0.9600997506234414
0.6091087694231113,0.9605985037406484
0.6190033934631184,0.9605985037406484
0.6190033934631184,0.9610972568578554
0.62614752634399,0.9610972568578554
0.62614752634399,0.9615960099750623
0.6317556706554742,0.9615960099750623
0.6318271119842829,0.9615960099750623
0.6345418824790141,0.9615960099750623
0.6345418824790141,0.9620947630922694
0.6401500267904983,0.9620947630922694
0.6401500267904983,0.9625935162094763
0.6407929987497768,0.9625935162094763
0.6407929987497768,0.9630922693266832
0.6419003393463119,0.9630922693266832
0.6419003393463119,0.9635910224438903
0.6421861046615467,0.9635910224438903
0.6421861046615467,0.9640897755610972
0.6426504732988033,0.9640897755610972
0.6426504732988033,0.9645885286783042
0.6443293445258081,0.9645885286783042
0.6443293445258081,0.9650872817955112
0.6449008751562779,0.9650872817955112
0.6449008751562779,0.9655860349127182
0.648508662261118,0.9655860349127182
0.648508662261118,0.9660847880299251
0.6502232541525272,0.9660847880299251
0.6502232541525272,0.9665835411471322
0.6504375781389534,0.9665835411471322
0.6504375781389534,0.9670822942643391
0.6512234327558493,0.9670822942643391
0.6512234327558493,0.9675810473815462
0.6530451866404715,0.9675810473815462
0.6530451866404715,0.9680798004987531
0.6536524379353456,0.9680798004987531
0.6536524379353456,0.9685785536159601
0.6537595999285587,0.9685785536159601
0.6537595999285587,0.969077306733167
0.654188247901411,0.969077306733167
0.654188247901411,0.9695760598503741
0.6542239685658153,0.9695760598503741
0.6542239685658153,0.970074812967581
0.6569387390605466,0.970074812967581
0.6569387390605466,0.9705735660847881
0.6590462582604036,0.9705735660847881
0.6590462582604036,0.971072319201995
0.6688694409716021,0.971072319201995
0.6688694409716021,0.971571072319202
0.6690480442936239,0.971571072319202
0.6690480442936239,0.972069825436409
0.6696910162529023,0.972069825436409
0.6696910162529023,0.972568578553616
0.6711912841578853,0.972568578553616
0.6711912841578853,0.9730673316708229
0.6715842114663333,0.9730673316708229
0.6715842114663333,0.97356608478803
0.6741203786390427,0.97356608478803
0.6741203786390427,0.9740648379052369
0.6829433827469191,0.9740648379052369
0.6829433827469191,0.9745635910224439
0.683729237363815,0.9745635910224439
0.683729237363815,0.9750623441396509
0.688622968387212,0.9750623441396509
0.688622968387212,0.9755610972568578
0.6897660296481515,0.9755610972568578
0.6897660296481515,0.9760598503740648
0.6928022861225219,0.9760598503740648
0.6928022861225219,0.9765586034912718
0.6931594927665654,0.9765586034912718
0.6931594927665654,0.9770573566084788
0.696910162529023,0.9770573566084788
0.696910162529023,0.9775561097256857
0.6974816931594928,0.9775561097256857
0.6974816931594928,0.9780548628428928
0.7075549205215217,0.9780548628428928
0.7075549205215217,0.9785536159600997
0.7134845508126452,0.9785536159600997
0.7134845508126452,0.9790523690773068
0.7189498124665119,0.9790523690773068
0.7189498124665119,0.9795511221945137
0.7260225040185747,0.9795511221945137
0.7260225040185747,0.9800498753117207
0.7263439899982139,0.9800498753117207
0.7263439899982139,0.9805486284289276
0.733238078228255,0.9805486284289276
0.733238078228255,0.9810473815461347
0.7372030719771387,0.9810473815461347
0.7372030719771387,0.9815461346633416
0.7424897303089838,0.9815461346633416
0.7424897303089838,0.9820448877805487
0.750705483121986,0.9820448877805487
0.750705483121986,0.9825436408977556
0.7525629576710127,0.9825436408977556
0.7525629576710127,0.9830423940149626
0.753491694945526,0.9830423940149626
0.753491694945526,0.9835411471321696
0.7559921414538311,0.9835411471321696
0.7559921414538311,0.9840399002493766
0.7651366315413467,0.9840399002493766
0.7651366315413467,0.9845386533665835
0.7672441507412038,0.9845386533665835
0.7672441507412038,0.9850374064837906
0.7742454009644579,0.9850374064837906
0.7742454009644579,0.9855361596009975
0.7861403822111092,0.9855361596009975
0.7861403822111092,0.9860349127182045
0.7863547061975352,0.9860349127182045
0.7863547061975352,0.9865336658354115
0.7874977674584748,0.9865336658354115
0.7874977674584748,0.9870324189526185
0.7913913198785497,0.9870324189526185
0.7913913198785497,0.9875311720698254
0.8121807465618861,0.9875311720698254
0.8122879085550991,0.9875311720698254
0.8260403643507769,0.9875311720698254
0.8260403643507769,0.9880299251870324
0.8317913913198786,0.9880299251870324
0.8317913913198786,0.9885286783042394
0.8342561171637792,0.9885286783042394
0.8342561171637792,0.9890274314214463
0.8509376674406144,0.9890274314214463
0.8509376674406144,0.9895261845386534
0.851187712091445,0.9895261845386534
0.8512591534202536,0.9895261845386534
0.851902125379532,0.9895261845386534
0.8519735667083408,0.9895261845386534
0.8591534202536167,0.9895261845386534
0.8591534202536167,0.9900249376558603
0.8619396320771566,0.9900249376558603
0.8619396320771566,0.9910224438902743
0.8656188605108055,0.9910224438902743
0.8656188605108055,0.9915211970074813
0.8738346133238079,0.9915211970074813
0.8739060546526165,0.9915211970074813
0.8752277192355777,0.9915211970074813
0.8752277192355777,0.9920199501246882
0.8772637971066262,0.9920199501246882
0.8772637971066262,0.9925187032418953
0.8883014824075728,0.9925187032418953
0.8883014824075728,0.9930174563591022
0.8926951241293088,0.9930174563591022
0.8926951241293088,0.9935162094763093
0.8985175924272192,0.9935162094763093
0.8985175924272192,0.9940149625935162
0.9029469548133595,0.9940149625935162
0.9029469548133595,0.9945137157107232
0.9058046079657082,0.9945137157107232
0.9059117699589212,0.9945137157107232
0.906090373280943,0.9945137157107232
0.9061618146097518,0.9945137157107232
0.9120557242364707,0.9945137157107232
0.9121271655652795,0.9945137157107232
0.9187712091444901,0.9945137157107232
0.9188426504732988,0.9945137157107232
0.9210216110019647,0.9945137157107232
0.9210216110019647,0.9950124688279302
0.9215217003036257,0.9950124688279302
0.9215217003036257,0.9955112219451372
0.9254152527237006,0.9955112219451372
0.9254152527237006,0.9960099750623441
0.9254866940525094,0.9960099750623441
0.9254866940525094,0.9965087281795512
0.9285586711912842,0.9965087281795512
0.9285586711912842,0.9970074812967581
0.9338453295231292,0.9970074812967581
0.9338453295231292,0.9975062344139651
0.9340953741739596,0.9975062344139651
0.9341668155027684,0.9975062344139651
0.942811216288623,0.9975062344139651
0.9428826576174317,0.9975062344139651
0.9472762993391677,0.9975062344139651
0.9473477406679764,0.9975062344139651
0.9511698517592427,0.9975062344139651
0.9512412930880514,0.9975062344139651
0.9552777281657439,0.9975062344139651
0.955384890158957,0.9975062344139651
0.9554563314877657,0.9975062344139651
0.9652795141989641,0.9975062344139651
0.9653509555277728,0.9975062344139651
0.9673513127344169,0.9975062344139651
0.9673513127344169,0.9980049875311721
0.9681728880157171,0.9980049875311721
0.9681728880157171,0.9985037406483791
0.9691016252902304,0.9985037406483791
0.9691730666190391,0.9985037406483791
0.9713877478121093,0.9985037406483791
0.971459189140918,0.9985037406483791
0.9720307197713878,0.9985037406483791
0.9720307197713878,0.999002493765586
0.9759957135202715,0.999002493765586
0.9759957135202715,0.9995012468827931
0.9788533666726201,0.9995012468827931
0.9789248080014288,0.9995012468827931
0.9857117342382569,0.9995012468827931
0.9857831755670655,0.9995012468827931
0.9862475442043221,0.9995012468827931
0.9863189855331309,0.9995012468827931
0.987926415431327,0.9995012468827931
0.9879978567601357,0.9995012468827931
0.9921057331666369,0.9995012468827931
0.9921057331666369,1.0
0.9921771744954456,1.0
1.0,1.0
